ID ,EIXO ,PONTOS ,ARTIGO E INCISO ,REQUISITO ,ALÍNEA  (PONTUAÇÃO),Envio de Documento Comprobatório ,SETOR RESPONSÁVEL,PONTO FOCAL  (TÉCNICO OU ESTRATÉGICO),STATUS ,PRAZO DE INÍCIO ,PRAZO FINAL ,PTS PREVISTOS,PTS OBTIDOS ,% PONTUADO,ID VINCULADO  ,TAREFAS,INÍCIO (PACTUADO),FIM (FIM PACTUADO),CONCLUSÃO (REAL),STATUS PRAZO ,ATRASO (DIAS),STATUS DA TAREFA 
1,Eixo Governança,20,"Art. 9º, I","
Resolução CNJ nº 219/2016 (priorização do 1º Grau)","a) distribuição dos(as) servidores(as) entre os graus de jurisdição, nos termos do art. 3º da Resolução CNJ nº 219/2016 (20 pontos);",Sim,SEGEP ,Aldenice ,Em Andamento,01/01/2026,13/01/2026,0,15,0%,1,,01/01/2026,10/01/2026,15/01/2026,,30,
2,Eixo Governança,20,"Art. 9º, I",Resolução CNJ nº 219/2016 (priorização do 1º Grau),"b) distribuição da soma dos valores integrais das funções comissionadas e dos cargos em comissão, nos termos do art. 12 da Resolução CNJ nº 219/2016 (20 pontos);
",Sim,SEGEP ,Aldenice ,Em Andamento,01/01/2026,31/07/2026,0,0,0%,2,,01/01/2026,10/01/2026,12/01/2026,,30,
3,Eixo Governança,15,"Art. 9º, I",Resolução CNJ nº 219/2016 (priorização do 1º Grau)," c) distribuição dos valores integrais dos cargos em comissão entre os graus de jurisdição, nos termos do art. 12 da Resolução CNJ nº 219/2016 (15 pontos);  ",Sim,SEGEP ,Aldenice ,Em Andamento,01/01/2026,31/07/2026,0,0,0%,3,,,,,,,
4,Eixo Governança,15,"Art. 9º, I",Resolução CNJ nº 219/2016 (priorização do 1º Grau),"d) limite de 30,00% da soma dos valores integrais das funções comissionadas e dos cargos em comissão das áreas de apoio indireto, nos termos do art. 14 da
Resolução CNJ nº 219/2016 (15 pontos);
",Sim,SEGEP ,Aldenice ,Em Andamento,01/01/2026,31/07/2026,0,0,0%,4,,,,,,,
5,Eixo Governança,15,"Art. 9º, I",Resolução CNJ nº 219/2016 (priorização do 1º Grau),"e) distribuição do orçamento de natureza não vinculada entre os graus de jurisdição, nos termos da Resolução CNJ nº 195/2014 (15 pontos).",Sim,SEGEP ,Aldenice ,Em Andamento,01/01/2026,31/07/2026,0,0,0%,5,,,,,,,
6,Eixo Governança,,"Art. 9º, II",Gestão participativa na elaboração das Metas Nacionais,a) até 30 pontos para realização de consulta e/ou audiência pública com participação de magistrados(as) e de servidores(as): ,Sim,SEGOV ,Hélio ,Em Andamento,01/01/2026,31/07/2026,0,0,0%,6,,,,,,,
7,Eixo Governança,15,"Art. 9º, II",Gestão participativa na elaboração das Metas Nacionais,a.1) realizar consulta pública (15 pontos),Sim,SEGOV ,Hélio ,Em Andamento,01/01/2026,31/07/2026,0,0,0%,7,,,,,,,
8,Eixo Governança,15,"Art. 9º, II",Gestão participativa na elaboração das Metas Nacionais,a.2) realizar audiência pública (15 pontos),Sim,SEGOV ,Hélio ,Em Andamento,01/01/2026,31/07/2026,0,0,0%,8,,,,,,,
9,Eixo Governança,30,"Art. 9º, II",Gestão participativa na elaboração das Metas Nacionais,"b) Participação de magistrados(as) e servidores(as) em uma reunião ou mais, de acordo com os seguintes percentuais (30 pontos):",Sim,SEGOV ,Hélio ,Em Andamento,01/01/2026,31/07/2026,0,0,0%,9,,,,,,,
10,Eixo Governança,,"Art. 9º, II",Gestão participativa na elaboração das Metas Nacionais,b.1.1) 30 pontos para:,Sim,SEGOV ,Hélio ,Em Andamento,01/01/2026,31/07/2026,0,0,0%,10,,,,,,,
11,Eixo Governança,,"Art. 9º, II",Gestão participativa na elaboração das Metas Nacionais," b.1.1.1) Magistrados(as): acima de 10,00% ou acima de 60 magistrados(as), desde que tenha o mínimo de 15 magistrados(as) participantes; e",Sim,SEGOV ,Hélio ,Em Andamento,01/01/2026,31/07/2026,0,0,0%,11,,,,,,,
12,Eixo Governança,,"Art. 9º, II",Gestão participativa na elaboração das Metas Nacionais," b.1.1.2) Servidores(as): acima de 5,00% ou acima de 400 servidores(as).",Sim,SEGOV ,Hélio ,Em Andamento,01/01/2026,31/07/2026,0,0,0%,12,,,,,,,
13,Eixo Governança,,"Art. 9º, II",Gestão participativa na elaboração das Metas Nacionais,"b.1.2) 15 pontos para
participação:",Sim,SEGOV ,Hélio ,Em Andamento,01/01/2026,31/07/2026,0,0,0%,13,,,,,,,
14,Eixo Governança,0,"Art. 9º, II",Gestão participativa na elaboração das Metas Nacionais,"b.1.2.1) Magistrados(as): acima de 5,00% e até 10,00% de participação ou acima de 40 magistrados(as), desde que tenha o mínimo de 10 magistrados(as) participantes ",Sim,SEGOV ,Hélio ,Em Andamento,01/01/2026,31/07/2026,0,0,0%,14,,,,,,,
15,Eixo Governança,0,"Art. 9º, II",Gestão participativa na elaboração das Metas Nacionais,"b.1.2.2) Servidores(as):
acima de 1,00% e até 5,00% de participação ou acima de 80 servidores(as)",Sim,SEGOV ,Hélio ,Em Andamento,01/01/2026,31/07/2026,0,0,0%,15,,,,,,,
16,Eixo Governança,50,"Art. 9º, III",Gestão Socioambiental e IDS,"Até 50 pontos, de acordo com os seguintes critérios:",Não ,SUESS,Evandro/Elaine,Em Andamento,01/01/2026,31/07/2026,0,0,0%,16,,,,,,,
17,Eixo Governança,,"Art. 9º, III",Gestão Socioambiental e IDS,"a) IDS entre 50,00% e 59,99% (10 pontos);",Não ,SUESS,Evandro/Elaine,Em Andamento,01/01/2026,31/07/2026,0,0,0%,17,,,,,,,
18,Eixo Governança,,"Art. 9º, III",Gestão Socioambiental e IDS,"b) IDS entre 60,00% e 69,99% (20 pontos);",Não ,SUESS,Evandro/Elaine,Em Andamento,01/01/2026,31/07/2026,0,0,0%,18,,,,,,,
19,Eixo Governança,,"Art. 9º, III",Gestão Socioambiental e IDS,"c) IDS entre 70,00% e 74,99% (30 pontos);",Não ,SUESS,Evandro/Elaine,Em Andamento,01/01/2026,31/07/2026,0,0,0%,19,,,,,,,
20,Eixo Governança,,"Art. 9º, III",Gestão Socioambiental e IDS,"d) IDS entre 75,00% e 79,99% (40 pontos);",Não ,SUESS,Evandro/Elaine,Em Andamento,01/01/2026,31/07/2026,0,0,0%,20,,,,,,,
21,Eixo Governança,,"Art. 9º, III",Gestão Socioambiental e IDS,"e) IDS igual ou acima de 80,00% (50 pontos).",Não ,SUESS,Evandro/Elaine,Em Andamento,01/01/2026,31/07/2026,0,0,0%,21,,,,,,,
22,Eixo Governança,10,"Art. 9º, IV",Judicialização da Saúde,a) possuir NatJus que emita Nota Técnica em ações da saúde suplementar (10 pontos);,Sim,NATJUS/COEAS,Adalcilene,Em Andamento,01/01/2026,31/07/2026,0,0,0%,22,,,,,,,
23,Eixo Governança,10,"Art. 9º, IV",Judicialização da Saúde,b) realizar cursos capacitação com os(as) magistrados(as) sobre a aplicação dos precedentes vinculantes relacionados ao Direito da Saúde e/ou Judicialização da Saúde (10 pontos),Sim,ESJUD,Breno,Em Andamento,01/01/2026,31/07/2026,0,0,0%,23,,,,,,,
24,Eixo Governança,20,"Art. 9º, IV",Judicialização da Saúde,"c) possuir unidade judiciária especializada na temática da saúde pública e suplementar, nos termos do art. 3º da Resolução CNJ nº 238/2016 (até 20 pontos).",Sim,NATJUS/COOES,Adalcilene,Em Andamento,01/01/2026,31/07/2026,0,0,0%,24,,,,,,,
25,Eixo Governança,,"Art. 9º, IV",Judicialização da Saúde,c.1) Possuir unidade especializada em saúde pública (10 pontos),Sim,NATJUS/COOES,Adalcilene,Em Andamento,01/01/2026,31/07/2026,0,0,0%,25,,,,,,,
26,Eixo Governança,,"Art. 9º, IV",Judicialização da Saúde,c.2) Possuir unidade especializada em saúde suplementar (10 pontos),Sim,NATJUS/COOES,Adalcilene,Em Andamento,01/01/2026,31/07/2026,0,0,0%,26,,,,,,,
27,Eixo Governança,,"Art. 9º, IV",Judicialização da Saúde,c.3) Possuir unidade especializada com competência cumulativa em saúde pública e suplementar (20 pontos).,Sim,NATJUS/COOES,Adalcilene,Em Andamento,01/01/2026,31/07/2026,0,0,0%,27,,,,,,,
28,Eixo Governança,10,"Art. 9º, IV",Judicialização da Saúde,"d) realizar a Semana Nacional da Saúde, com realização das ações previstas no art. 5º-B, II e III da Resolução CNJ nº 107/2010 (10 pontos).",Sim,NATJUS/COOES,Adalcilene,Em Andamento,01/01/2026,31/07/2026,0,0,0%,28,,,,,,,
29,Eixo Governança,10,"Art. 9º, V","Assédio Moral, Sexual e Discriminação","a) realizar campanha de orientação e esclarecimento sobre assédio moral, assédio sexual e discriminação (10 pontos)",Sim,COPEA/COPED,Evelin Bueno,Em Andamento,01/01/2026,31/07/2026,0,0,0%,29,,,,,,,
30,Eixo Governança,10,"Art. 9º, V","Assédio Moral, Sexual e Discriminação","b) realizar a semana de combate ao assédio, conforme previsto no art.18-A da Resolução CNJ nº 351/2020 contendo, no mínimo, palestra que abranja toda a equipe do tribunal (magistrados(as), servidores(as) e quadro auxiliar) (10 pontos)",Sim,COPEA/COPED,Evelin Bueno,Em Andamento,01/01/2026,31/07/2026,0,0,0%,30,,,,,,,
31,Eixo Governança,10,"Art. 9º, V","Assédio Moral, Sexual e Discriminação","c) capacitar na temática, no mínimo, 6,0% dos (as) servidores (as) ocupantes de cargo de chefia do órgão (10 pontos);",Sim,COPEA/COPED,Evelin Bueno,Em Andamento,01/01/2026,31/07/2026,0,0,0%,31,,,,,,,
32,Eixo Governança,10,"Art. 9º, V","Assédio Moral, Sexual e Discriminação","d) capacitar na temática, no mínimo, 6,0% dos(as) magistrados(as) do órgão (10 pontos).",Sim,COPEA/COPED,Evelin Bueno,Em Andamento,01/01/2026,31/07/2026,0,0,0%,32,,,,,,,
33,Eixo Governança,20,"Art. 9º, VI","Art. 9º, VII Gestão de Memória e Gestão Documental","a) classificação, organização, avaliação, preservação e eliminação de processos judiciais e administrativos e documentos administrativos (arts. 18 a 28 da Resolução CNJ nº 324/2020), com base nos Planos de Classificação e nas Tabelas de Temporalidade do Programa Nacional de Gestão Documental do Poder Judiciário (art. 5º, II e III, da Resolução CNJ nº 324/2020), mediante publicação de pelo menos dois editais de eliminação
(20 pontos);",Sim,CGMEM/COGMA,Ana Cunha,Em Andamento,01/01/2026,31/07/2026,0,0,0%,33,,,,,,,
34,Eixo Governança,,"Art. 9º, VI","Art. 9º, VII Gestão de Memória e Gestão Documental",b) possuir ambientes de preservação da memória (até 10 pontos):,Sim,CGMEM/COGMA,Ana Cunha,Em Andamento,01/01/2026,31/07/2026,0,0,0%,34,,,,,,,
35,Eixo Governança,5,"Art. 9º, VI","Art. 9º, VII Gestão de Memória e Gestão Documental",b.1) ambiente físico (5 pontos);,Sim,CGMEM/COGMA,Ana Cunha,Em Andamento,01/01/2026,31/07/2026,0,0,0%,35,,,,,,,
36,Eixo Governança,5,"Art. 9º, VI","Art. 9º, VII Gestão de Memória e Gestão Documental",b.2) ambiente virtual (5 pontos).,Sim,CGMEM/COGMA,Ana Cunha,Em Andamento,01/01/2026,31/07/2026,0,0,0%,36,,,,,,,
37,Eixo Governança,15,"Art. 9º, VII",Política Nacional de Justiça Restaurativa,"a) possuir pelo menos um Núcleo de Justiça Restaurativa estruturado que contenha, no mínimo, dois servidores(as) com dedicação exclusiva e capacitados(as) como facilitadores(as) em práticas restaurativas (15 pontos);",Sim,NUPJR,Mirlente Thaumaturgo,Em Andamento,01/01/2026,31/07/2026,0,0,0%,37,,,,,,,
38,Eixo Governança,15,"Art. 9º, VII",Política Nacional de Justiça Restaurativa,"b) Relatório de atividades dos Núcleos de Justiça Restaurativa, que contenha referência de ao menos seis casos derivados e aceitos para tratamento restaurativo no núcleo, independentemente do resultado alcançado (15 pontos).",Sim,NUPJR,Mirlente Thaumaturgo,Em Andamento,01/01/2026,31/07/2026,0,0,0%,38,,,,,,,
39,Eixo Governança,20,"Art. 9º, VIII ","Instalar o Grupo de 
Monitoramento e Fiscalização dos 
Sistemas Carcerário e Socioeducativo 
(GMFTJ)","Até 20 pontos, de acordo com os seguintes critérios:",Sim,GMFTJ/AC, Debora da Silva Cardoso Nogueira ,Em Andamento,01/01/2026,31/07/2026,0,0,0%,39,,,,,,,
40,Eixo Governança,,"Art. 9º, VIII ","Instalar o Grupo de 
Monitoramento e Fiscalização dos 
Sistemas Carcerário e Socioeducativo 
(GMFTJ)","a) estrutura de apoio administrativo, nos termos do art. 2º, I, da Resolução CNJ nº 214, de 15 de dezembro de 2015; e ",Sim,GMFTJ/AC, Debora da Silva Cardoso Nogueira ,Em Andamento,01/01/2026,31/07/2026,0,0,0%,40,,,,,,,
41,Eixo Governança,,"Art. 9º, VIII ","Instalar o Grupo de 
Monitoramento e Fiscalização dos 
Sistemas Carcerário e Socioeducativo 
(GMFTJ)","b) equipe multiprofissional, nos termos do art. 2º, II, da Resolução CNJ nº 214, de 15 de dezembro de 2015. Não será conferida
pontuação parcial, sendo obrigatório o atendimento dos itens (a) e (b).",Sim,GMFTJ/AC, Debora da Silva Cardoso Nogueira ,Em Andamento,01/01/2026,31/07/2026,0,0,0%,41,,,,,,,
42,Eixo Governança,20,"Art. 9º, IX",Inspeções nos estabelecimentos penais,a) Meio fechado (20 pontos): Resultado = { [(IPr + IFPr/2) x DiasRef] / (6 x DiasEstab)} x 20 pontos.,Não ,GMFTJ/AC, Debora da Silva Cardoso Nogueira ,Em Andamento,01/01/2026,31/07/2026,0,0,0%,42,,,,,,,
43,Eixo Governança,10,"Art. 9º, IX",Inspeções nos estabelecimentos penais,"b) Meio aberto (10 pontos): Será verificado com base no percentual calculado entre o número de municípios inspecionados em meio aberto, dividido pelo número total de municípios na UF para o período de 1º/7/2025 a 31/12/2025 e para o período de 1º/1/2026 a 30/6/2026. Após, será calculada a média resultante dos percentuais dos dois períodos.
",Não ,GMFTJ/AC, Debora da Silva Cardoso Nogueira ,Em Andamento,01/01/2026,31/07/2026,0,0,0%,43,,,,,,,
44,Eixo Governança,,"Art. 9º, IX",Inspeções nos estabelecimentos penais,"b.1) Em relação aos Tribunais com jurisdição em estados com até 100 municípios: i. For igual ou superior a 50,00% (4 pontos); ii. For igual ou superior a 70,00% (6 pontos); e iii. For igual ou superior a 90,00% (10 pontos).",Não ,GMFTJ/AC, Debora da Silva Cardoso Nogueira ,Em Andamento,01/01/2026,31/07/2026,0,0,0%,44,,,,,,,
45,Eixo Governança,10,"Art. 9º, X",Participação Institucional Feminina,"a) Igualdade de gênero no ingresso aos tribunais de 2º grau, pelo atendimento de um dos seguintes critérios (10 pontos):",Sim,GAUX2,Zenice Mota Cardoso,Em Andamento,01/01/2026,31/07/2026,0,0,0%,45,,,,,,,
46,Eixo Governança,,"Art. 9º, X",Participação Institucional Feminina,"a.1) conforme critério de paridade descrito em (i), com base no número de promoções por merecimento;",Sim,GAUX2,Zenice Mota Cardoso,Em Andamento,01/01/2026,31/07/2026,0,0,0%,46,,,,,,,
47,Eixo Governança,,"Art. 9º, X",Participação Institucional Feminina,a.2) quando o valor resultante da divisão de [(mulheres promovidas por merecimento) / (total de homens e mulheres promovidos(as) por merecimento)] for maior ou igual que [(mulheres inscritas em concursos de promoções por merecimento) / (total de homens e mulheres inscritos(as) em concursos de promoções por merecimento)];,Sim,GAUX2,Zenice Mota Cardoso,Em Andamento,01/01/2026,31/07/2026,0,0,0%,47,,,,,,,
48,Eixo Governança,,"Art. 9º, X",Participação Institucional Feminina,a.3) quando a divisão do total de desembargadoras ativas oriundas da carreira da magistratura em relação ao total de desembargadores(as) ativos(as) oriundos da carreira da magistratura for igual ou maior que 40% (Critério da Resolução CNJ nº 525/2023).,Sim,GAUX2,Zenice Mota Cardoso,Em Andamento,01/01/2026,31/07/2026,0,0,0%,48,,,,,,,
49,Eixo Governança,5,"Art. 9º, X",Participação Institucional Feminina,"b) Igualdade na designação para bancas de concurso de magistratura em relação aos concursos abertos, conforme critério de paridade descrito em (i) (5 pontos);",Sim,GAUX2,Zenice Mota Cardoso,Em Andamento,01/01/2026,31/07/2026,0,0,0%,49,,,,,,,
50,Eixo Governança,10,"Art. 9º, X",Participação Institucional Feminina,"c) Igualdade na designação de magistradas como auxiliares para cargos na alta administração do Poder Judiciário (juíza auxiliar da presidência, vicepresidência e corregedoria; diretora de escolas judiciais; diretora de foro de seção judiciária; e ouvidora, inclusive ouvidora da mulher), conforme critério de paridade descrito em (i) (10 pontos);",Sim,GAUX2,Zenice Mota Cardoso,Em Andamento,01/01/2026,31/07/2026,0,0,0%,50,,,,,,,
51,Eixo Governança,10,"Art. 9º, X",Participação Institucional Feminina,"d) Igualdade na designação de magistradas para compor as cortes eleitorais, mediante atendimento de um dos seguintes critérios (10
pontos);",Sim,GAUX2,Zenice Mota Cardoso,Em Andamento,01/01/2026,31/07/2026,0,0,0%,51,,,,,,,
52,Eixo Governança,,"Art. 9º, X",Participação Institucional Feminina,d.1) critério de paridade descrito em (i);,Sim,GAUX2,Zenice Mota Cardoso,Em Andamento,01/01/2026,31/07/2026,0,0,0%,52,,,,,,,
53,Eixo Governança,,"Art. 9º, X",Participação Institucional Feminina,d.2) quando o valor resultante da divisão de [(mulheres designadas para compor cortes eleitorais) / (total de homens e mulheres designados(as) para compor cortes eleitorais)] for maior ou igual que [(mulheres inscritas) / (total de homens e mulheres inscritos(as) para composição de cortes eleitorais)].,Sim,GAUX2,Zenice Mota Cardoso,Em Andamento,01/01/2026,31/07/2026,0,0,0%,53,,,,,,,
54,Eixo Governança,10,"Art. 9º, X",Participação Institucional Feminina,"e) Igualdade na quantidade de servidoras ocupantes de cargo de chefia ou de assessoramento, mediante atendimento de um dos seguintes critérios (10 pontos):",Sim,GAUX2,Zenice Mota Cardoso,Em Andamento,01/01/2026,31/07/2026,0,0,0%,54,,,,,,,
55,Eixo Governança,,"Art. 9º, X",Participação Institucional Feminina,e.1) critério de paridade descrito em (i);,Sim,GAUX2,Zenice Mota Cardoso,Em Andamento,01/01/2026,31/07/2026,0,0,0%,55,,,,,,,
56,Eixo Governança,,"Art. 9º, X",Participação Institucional Feminina,e.2) se o valor resultante da divisão [(servidoras com cargo de chefia ou assessoramento / total de servidoras)] for maior ou igual que [(homens e mulheres servidores(as) com cargo de chefia ou assessoramento / homens e mulheres servidores(as))];,Sim,GAUX2,Zenice Mota Cardoso,Em Andamento,01/01/2026,31/07/2026,0,0,0%,56,,,,,,,
57,Eixo Governança,20,"Art. 9º, XI",Apoio às Vítimas de Crimes e Atos Infracionais,"20 pontos, de acordo com a existência de Centros Especializados de Atenção às Vítimas, conforme art. 2º da Resolução CNJ nº 253/2018, em funcionamento e estruturado com equipe multiprofissional.",Sim,CEAVI,,Em Andamento,01/01/2026,31/07/2026,0,0,0%,57,,,,,,,
58,Eixo Governança,5,"Art. 9º, XII",Acessibilidade e Inclusão de pessoas com deficiência,a) realizar ação de capacitação nas temáticas de acessibilidade e inclusão das pessoas com deficiência (5 pontos),Sim,COPAI/NUACI,Ana Cunha,Em Andamento,01/01/2026,31/07/2026,0,0,0%,58,,,,,,,
59,Eixo Governança,10,"Art. 9º, XII",Acessibilidade e Inclusão de pessoas com deficiência,"b) percentual de servidores(as) capacitados(as) nas temáticas de acessibilidade e inclusão das pessoas com deficiência igual ou maior que 10,0% (10 pontos);",Sim,COPAI/NUACI,Ana Cunha,Em Andamento,01/01/2026,31/07/2026,0,0,0%,59,,,,,,,
60,Eixo Governança,10,"Art. 9º, XII",Acessibilidade e Inclusão de pessoas com deficiência,"c) percentual de magistrados(as) capacitados(as) nas temáticas de acessibilidade e inclusão das pessoas com deficiência igual ou maior
que 7,0% (10 pontos);
",Sim,COPAI/NUACI,Ana Cunha,Em Andamento,01/01/2026,31/07/2026,0,0,0%,60,,,,,,,
61,Eixo Governança,20,"Art. 9º, XIII","Art. 9º, XIII Capacitação de Magistrados (Res. 492)","Até 20 pontos, para os tribunais que promoverem cursos de formação inicial e de formação continuada para capacitação magistrados(as) e servidores(as) ativos(as), de primeiro e segundo graus de jurisdição, que incluam, obrigatoriamente, os conteúdos relativos aos direitos humanos, gênero, raça e etnia, bem como de servidores (as), conforme as diretrizes previstas no Protocolo para Julgamento com Perspectiva de Gênero, de acordo com a Resolução CNJ nº 492/2023, os quais deverão ser disponibilizados com periodicidade mínima anual, preferencialmente na modalidade presencial ou híbrida",Sim,ESJUD,Breno,Em Andamento,01/01/2026,31/07/2026,0,0,0%,61,,,,,,,
62,Eixo Governança,10,"Art. 9º, XIV",Capacitação de facilitadores(as) para programas voltados à reflexão e sensibilização de autores de violência doméstica e familiar contra a mulhe,"Até 10 pontos, para os tribunais que capacitarem facilitadores(as) para programas voltados à reflexão e sensibilização de autores de violência doméstica e familiar contra a mulher.",Sim,ESJUD,Breno,Em Andamento,01/01/2026,31/07/2026,0,0,0%,62,,,,,,,
63,Eixo Governança,20,"Art. 9º, XV","Estruturar os
juizados de
violência
doméstica e
familiar contra a
mulher.","20 pontos, para realização de pelo menos uma das ações seguintes:",Sim,GAUX2/COSIV,Amália ,Em Andamento,01/01/2026,31/07/2026,0,0,0%,63,,,,,,,
64,Eixo Governança,,"Art. 9º, XV","Estruturar os
juizados de
violência
doméstica e
familiar contra a
mulher.","a) criação e instalação ou transformação de unidade judiciária existente em vara ou juizado com competência exclusiva em violência doméstica e familiar contra a mulher, obrigatoriamente com dotação de equipe multidisciplinar; ou",Sim,GAUX2/COSIV,Amália ,Em Andamento,01/01/2026,31/07/2026,0,0,0%,64,,,,,,,
65,Eixo Governança,,"Art. 9º, XV","Estruturar os
juizados de
violência
doméstica e
familiar contra a
mulher.","b) nova disponibilização de equipe multidisciplinar destinada à atuação em unidade judiciária com competência em violência doméstica e familiar contra a mulher, nos termos do art. 29, da Lei nº 11.340/2006; ou",Sim,GAUX2/COSIV,Amália ,Em Andamento,01/01/2026,31/07/2026,0,0,0%,65,,,,,,,
66,Eixo Governança,,"Art. 9º, XV","Estruturar os
juizados de
violência
doméstica e
familiar contra a
mulher.",c) ampliação do quadro de profissionais especializados de equipe multidisciplinar existente em unidade judiciária com competência em violência doméstica e familiar contra a mulher; ou,Sim,GAUX2/COSIV,Amália ,Em Andamento,01/01/2026,31/07/2026,0,0,0%,66,,,,,,,
67,Eixo Governança,,"Art. 9º, XV","Estruturar os
juizados de
violência
doméstica e
familiar contra a
mulher.","d) implementação/ manutenção de Cadastro Eletrônico de Profissionais (Banco de Credenciados) aptos à nomeação imediata, garantindo a disponibilidade de atendimento multidisciplinar na unidade judiciária com competência em violência doméstica e familiar contra a mulher",Sim,GAUX2/COSIV,Amália ,Em Andamento,01/01/2026,31/07/2026,0,0,0%,67,,,,,,,
68,Eixo Governança,20,"Art. 9º, XVI",Redução das desigualdades e inclusão social no mercado de trabalho de mulheres integrantes de grupos vulneráveis,"20 pontos, para os tribunais que tiverem 100,00% dos contatos vigentes com previsão de, no mínimo, 5% de reserva das vagas nos contratos que envolvam prestação de serviços contínuos com regime de dedicação exclusiva de mão de obra, nos termos do disposto no inciso XVI do caput do art. 6º da Lei 14.133/2021, para as mulheres em condição de especial vulnerabilidade econômico-social:",Sim,SELGA/COSIV,Larissa Montilha,Em Andamento,01/01/2026,31/07/2026,0,0,0%,68,,,,,,,
69,Eixo Governança,,"Art. 9º, XVI",Redução das desigualdades e inclusão social no mercado de trabalho de mulheres integrantes de grupos vulneráveis,"I – mulheres vítimas de violência física, moral, patrimonial, psicológica ou
sexual, em razão do gênero,
no contexto doméstico e
familiar;",Sim,SELGA/COSIV,Larissa Montilha,Em Andamento,01/01/2026,31/07/2026,0,0,0%,69,,,,,,,
70,Eixo Governança,,"Art. 9º, XVI",Redução das desigualdades e inclusão social no mercado de trabalho de mulheres integrantes de grupos vulneráveis,II – mulheres trans e travestis;,Sim,SELGA/COSIV,Larissa Montilha,Em Andamento,01/01/2026,31/07/2026,0,0,0%,70,,,,,,,
71,Eixo Governança,,"Art. 9º, XVI",Redução das desigualdades e inclusão social no mercado de trabalho de mulheres integrantes de grupos vulneráveis,III – mulheres migrantes e refugiadas;,Sim,SELGA/COSIV,Larissa Montilha,Em Andamento,01/01/2026,31/07/2026,0,0,0%,71,,,,,,,
72,Eixo Governança,,"Art. 9º, XVI",Redução das desigualdades e inclusão social no mercado de trabalho de mulheres integrantes de grupos vulneráveis,"IV – mulheres em situação de
rua;",Sim,SELGA/COSIV,Larissa Montilha,Em Andamento,01/01/2026,31/07/2026,0,0,0%,72,,,,,,,
73,Eixo Governança,,"Art. 9º, XVI",Redução das desigualdades e inclusão social no mercado de trabalho de mulheres integrantes de grupos vulneráveis,V – mulheres egressas do sistema prisional;,Sim,SELGA/COSIV,Larissa Montilha,Em Andamento,01/01/2026,31/07/2026,0,0,0%,73,,,,,,,
74,Eixo Governança,,"Art. 9º, XVI","Estruturar os
juizados de
violência
doméstica e
familiar contra a
mulher.","VI – mulheres indígenas, campesinas e quilombolas (art. 2º da Resolução CNJ nº 497/2023",Sim,SELGA/COSIV,Larissa Montilha,Em Andamento,01/01/2026,31/07/2026,0,0,0%,74,,,,,,,
75,Eixo Governança,10,"Art. 9º, XVII","Ações voltadas à
aposentadoria de
magistrados(as),","10 pontos, para os tribunais que tiverem instituído o Programa de Preparação à Aposentadoria (PPA), nos termos da Resolução CNJ nº 526/2023",Sim,COBES/SEGEP/GAUX2,Nassara Nasserala,Em Andamento,01/01/2026,31/07/2026,0,0,0%,75,,,,,,,
76,Eixo Governança,10,"Art. 9º, XVIII","Protocolo Integrado de Prevenção e Medidas de Segurança voltado ao Enfrentamento da Violência Doméstica e Familiar contra a Mulher praticada em Face de Magistradas e Servidoras,","a) criar ou implementar programa voltado à prevenção, à orientação e ao apoio de magistradas e servidoras do Poder Judiciário em situação de violência doméstica e
familiar contra a mulher (10 pontos);
",Sim,GAUX3/COSIV/COAPS,Amália ,Em Andamento,01/01/2026,31/07/2026,0,0,0%,76,,,,,,,
77,Eixo Governança,5,"Art. 9º, XVIII","Protocolo Integrado de Prevenção e Medidas de Segurança voltado ao Enfrentamento da Violência Doméstica e Familiar contra a Mulher praticada em Face de Magistradas e Servidoras,","b) realização de campanha de orientação e esclarecimento sobre violência doméstica e familiar contra a mulher, com divulgação dos canais de denúncia (5 pontos);",Sim,GAUX3/COSIV/COAPS,Amália ,Em Andamento,01/01/2026,31/07/2026,0,0,0%,77,,,,,,,
78,Eixo Governança,5,"Art. 9º, XVIII","Protocolo Integrado de Prevenção e Medidas de Segurança voltado ao Enfrentamento da Violência Doméstica e Familiar contra a Mulher praticada em Face de Magistradas e Servidoras,",c) realização de um evento anual sobre a temática (5 pontos).,Sim,GAUX3/COSIV/COAPS,Amália ,Em Andamento,01/01/2026,31/07/2026,0,0,0%,78,,,,,,,
79,Eixo Governança,5,"Art. 9º, XIX","Capacitação das
Equipes Técnicas
Multiprofissionais","a) capacitação sobre a instrumentalidade específica da profissão, abrangendo, no mínimo, a construção de laudos, relatórios, pareceres e documentos técnicos (5 pontos);",Sim,ESJUD,Breno,Em Andamento,01/01/2026,31/07/2026,0,0,0%,79,,,,,,,
80,Eixo Governança,5,"Art. 9º, XIX","Capacitação das
Equipes Técnicas
Multiprofissionais","b) capacitação acerca da atuação profissional no Poder Judiciário, em alguma das seguintes áreas: infância e juventude, pessoa idosa, família e/ou violência doméstica e familiar contra a mulher (5 pontos).",Sim,ESJUD,Breno,Em Andamento,01/01/2026,31/07/2026,0,0,0%,80,,,,,,,
81,Eixo Governança,,"Art. 9º, XX",Iper,"Até 20 pontos, da seguinte forma:",Sim,CODIV/GAAUX2,Zenice Mota ,Em Andamento,01/01/2026,31/07/2026,0,0,0%,81,,,,,,,
82,Eixo Governança,20,"Art. 9º, XX",Iper,"a) Iper a partir de 90,0%: 20 pontos;",Sim,CODIV/GAAUX2,Zenice Mota ,Em Andamento,01/01/2026,31/07/2026,0,0,0%,82,,,,,,,
83,Eixo Governança,,"Art. 9º, XX",Iper,"b) Iper de 70,0% a 89,9%: 15 pontos;",Sim,CODIV/GAAUX2,Zenice Mota ,Em Andamento,01/01/2026,31/07/2026,0,0,0%,83,,,,,,,
84,Eixo Governança,,"Art. 9º, XX",Iper,"c) Iper de 50,0% a 69,9%: 10 pontos;",Sim,CODIV/GAAUX2,Zenice Mota ,Em Andamento,01/01/2026,31/07/2026,0,0,0%,84,,,,,,,
85,Eixo Governança,,"Art. 9º, XX",Iper,"d) Iper de 40,0% a 49,9%: 5 pontos;",Sim,CODIV/GAAUX2,Zenice Mota ,Em Andamento,01/01/2026,31/07/2026,0,0,0%,85,,,,,,,
86,Eixo Governança,,"Art. 9º, XX",Iper,"e) Iper de 30,0% a 39,9%: 3 pontos.",Sim,CODIV/GAAUX2,Zenice Mota ,Em Andamento,01/01/2026,31/07/2026,0,0,0%,86,,,,,,,
87,Eixo Governança,20,"Art. 9º, XXI",Adoção e Acolhimento.,a) Reavaliação de acolhimento (20 pontos):,Não ,COGER/2ª Vara da Infância e Juventude de Rio Branco/AC,Sean Campos ,Em Andamento,01/01/2026,31/07/2026,0,0,0%,87,,,,,,,
88,Eixo Governança,,"Art. 9º, XXI",Adoção e Acolhimento.,"a.1) igual ou acima de 98,00% dos acolhimentos que estão há mais de 3 meses no SNA e que tiveram reavaliação do acolhimento nos 90 dias subsequentes (20 pontos);",Não ,COGER/2ª Vara da Infância e Juventude de Rio Branco/AC,Sean Campos ,Em Andamento,01/01/2026,31/07/2026,0,0,0%,88,,,,,,,
89,Eixo Governança,,"Art. 9º, XXI",Adoção e Acolhimento.,"a.2) de 90,00% a 97,99% dos acolhimentos que estão há mais de 3 meses no SNA e que tiveram reavaliação do acolhimento nos 90 dias subsequentes (10 pontos).",Não ,COGER/2ª Vara da Infância e Juventude de Rio Branco/AC,Sean Campos ,Em Andamento,01/01/2026,31/07/2026,0,0,0%,89,,,,,,,
90,Eixo Governança,,"Art. 9º, XXI",Adoção e Acolhimento.,b) Prazos (20 pontos):,Não ,COGER/2ª Vara da Infância e Juventude de Rio Branco/AC,Sean Campos ,Em Andamento,01/01/2026,31/07/2026,0,0,0%,90,,,,,,,
91,Eixo Governança,10,"Art. 9º, XXI",Adoção e Acolhimento.,"b.1) igual ou acima de 80,00% dos processos de adoção pelo cadastro do SNA que tramitam há 240 dias ou menos (10 pontos); ",Não ,COGER/2ª Vara da Infância e Juventude de Rio Branco/AC,Sean Campos ,Em Andamento,01/01/2026,31/07/2026,0,0,0%,91,,,,,,,
92,Eixo Governança,10,"Art. 9º, XXI",Adoção e Acolhimento.,"b.2) igual ou acima de 80,00% dos processos de destituição do poder familiar no SNA que tramitam há 120 dias ou menos (10 pontos);",Não ,COGER/2ª Vara da Infância e Juventude de Rio Branco/AC,Sean Campos ,Em Andamento,01/01/2026,31/07/2026,0,0,0%,92,,,,,,,
93,Eixo Governança,10,"Art. 9º, XXI",Adoção e Acolhimento.,"c) Cadastro de grupo étnico-racial (10 pontos): acima de 90,00% das crianças e dos(as) adolescentes acolhidos(as) há mais de 30 dias que tenham o campo “Grupo Étnico-Racial” cadastrado com valor diferente de “não informado”",Não ,COGER/2ª Vara da Infância e Juventude de Rio Branco/AC,Sean Campos ,Em Andamento,01/01/2026,31/07/2026,0,0,0%,93,,,,,,,
94,Eixo Governança,,"Art. 9º, XXI",Adoção e Acolhimento.,d) Serviço de acolhimento em família acolhedora (até 10 pontos):,Não ,COGER/2ª Vara da Infância e Juventude de Rio Branco/AC,Sean Campos ,Em Andamento,01/01/2026,31/07/2026,0,0,0%,94,,,,,,,
95,Eixo Governança,5,"Art. 9º, XXI",Adoção e Acolhimento.,"d.1) instituir Grupo de Trabalho Intersetorial (GTI) com a participação do Poder Judiciário, Ministério Público, da gestão estadual/municipal da Assistência Social, dos Conselhos de Direitos da Criança e do Adolescente e de outros atores do Sistema de Garantia de Direitos, conforme previsto no art. 2º, inciso I, da Recomendação Conjunta CNJ/CNMP nº 2/2024 (5 pontos);",Sim,COGER/2ª Vara da Infância e Juventude de Rio Branco/AC,Sean Campos ,Em Andamento,01/01/2026,31/07/2026,0,0,0%,95,,,,,,,
96,Eixo Governança,5,"Art. 9º, XXI",Adoção e Acolhimento.,"d.2) realizar ações voltadas à implantação, ampliação e qualificação do Serviço de Acolhimento em Família Acolhedora (SFA) no estado, conforme disposto no art. 3º da Recomendação Conjunta CNJ/CNMP nº 2/2024 (5 pontos).",Sim,COGER/2ª Vara da Infância e Juventude de Rio Branco/AC,Sean Campos ,Em Andamento,01/01/2026,31/07/2026,0,0,0%,96,,,,,,,
97,Eixo Governança,10,"Art. 9º, XXII",Política Judiciária sobre Pessoas Idosas e suas interseccionalidade,"10 pontos, da seguinte
forma:
Possuir Grupo de Trabalho ou Comitê Gestor destinado à implementação da Política Judiciária Nacional para a Pessoa Idosa, conforme diretrizes da Resolução CNJ nº 520/2023, com vistas a promover a articulação interinstitucional, o levantamento de dados sobre processos envolvendo pessoas idosas, a capacitação de magistrados e servidores e a proposição de ações de aprimoramento da resposta judicial às demandas dessa população.",Sim,SUESS/SEGOV,Evandro Araújo ,Em Andamento,01/01/2026,31/07/2026,0,0,0%,97,,,,,,,
98,Eixo Governança,,"Art. 9º, XXIII",IPopRuaJud,"Até 20 pontos, da seguinte forma:",Não ,GAUX1/SEGOV ,Giordane de Souza Dourado/Hélio Oliveira,Em Andamento,01/01/2026,31/07/2026,0,0,0%,98,,,,,,,
99,Eixo Governança,20,"Art. 9º, XXIII",IPopRuaJud,"a) IPopRuaJud a partir de 90,0%: 20 pontos;",Não ,GAUX1/SEGOV ,Giordane de Souza Dourado/Hélio Oliveira,Em Andamento,01/01/2026,31/07/2026,0,0,0%,99,,,,,,,
100,Eixo Governança,,"Art. 9º, XXIII",IPopRuaJud,"b) IPopRuaJud de 70,0% a 89,9%: 10 pontos;",Não ,GAUX1/SEGOV ,Giordane de Souza Dourado/Hélio Oliveira,Em Andamento,01/01/2026,31/07/2026,0,0,0%,100,,,,,,,
101,Eixo Governança,,"Art. 9º, XXIII",IPopRuaJud,"c) IPopRuaJud de 50,0% a 69,9%: 5 pontos.",Não ,GAAUX1/SEGOV ,Giordane de Souza Dourado/Hélio Oliveira,Em Andamento,01/01/2026,31/07/2026,0,0,0%,101,,,,,,,
102,Eixo Governança,10,"Art. 9º, XXIV",Sistema Interamericano de Direitos Humanos (SIDH),a) Ação nº 3 do Pacto Nacional do Judiciário pelos Direitos Humanos – 3ª fase (10 pontos):,Não ,GAAUX1/SEGOV ,Giordane de Souza Dourado/Hélio Oliveira,Em Andamento,01/01/2026,31/07/2026,0,0,0%,102,,,,,,,
103,Eixo Governança,,"Art. 9º, XXIV",Sistema Interamericano de Direitos Humanos (SIDH),"a.1) Disponibilização, no portal do tribunal, de link para acesso ao sítio eletrônico da Corte Interamericana de Direitos Humanos (IDH) – https:// jurisprudencia.corteidh.or.cr/, na página inicial do Tribunal e/ou na página da Unidade de Monitoramento e Fiscalização das decisões do Sistema Interamericano de Direitos Humanos (UMF) local; E ",Sim,GAAUX1/SEGOV ,Giordane de Souza Dourado/Hélio Oliveira,Em Andamento,01/01/2026,31/07/2026,0,0,0%,103,,,,,,,
104,Eixo Governança,,"Art. 9º, XXIV",Sistema Interamericano de Direitos Humanos (SIDH),"a.2) Disponibilização de link para acesso ao sítio eletrônico da Comissão Interamericana de Direitos Humanos (IDH) – https://www.oas.org/ext/pt/ direitos-humanos/simore/, na página inicial do Tribunal e/ou na página da UMF local.",Sim,GAAUX1/SEGOV ,Giordane de Souza Dourado/Hélio Oliveira,Em Andamento,01/01/2026,31/07/2026,0,0,0%,104,,,,,,,
105,Eixo Governança,20,"Art. 9º, XXIV",Sistema Interamericano de Direitos Humanos (SIDH),b) Ação nº 11 do Pacto Nacional do Judiciário pelos Direitos Humanos – 3ª fase (20 pontos):,Sim,GAAUX1/SEGOV ,Giordane de Souza Dourado/Hélio Oliveira,Em Andamento,01/01/2026,31/07/2026,0,0,0%,105,,,,,,,
106,Eixo Governança,,"Art. 9º, XXIV",Sistema Interamericano de Direitos Humanos (SIDH),"b.1) realizar cursos de formação para capacitação de servidores(as) e magistrados(as), que incluam, obrigatoriamente, a Convenção Americana de Direitos Humanos (CADH) e a jurisprudência da Corte IDH, preferencialmente na modalidade presencial ou híbrida.",Sim,GAAUX1/SEGOV ,Giordane de Souza Dourado/Hélio Oliveira,Em Andamento,01/01/2026,31/07/2026,0,0,0%,106,,,,,,,
107,Eixo Governança,30,"Art. 9º, XXV",Pena Justa,"a) Até 30 pontos, de acordo com a seguinte fórmula: 
Resultado = { [(IPr + IFPr/2)
x DiasRef] / (12 x DiasEstab)}
x 30 pontos.",Sim,GMF/AC, Debora da Silva Cardoso Nogueira ,Em Andamento,01/01/2026,31/07/2026,0,0,0%,107,,,,,,,
108,Eixo Governança,,"Art. 9º, XXV",Pena Justa,"b) Até 20 pontos, de acordo com os seguintes critérios:",Sim,GMF/AC, Debora da Silva Cardoso Nogueira ,Em Andamento,01/01/2026,31/07/2026,0,0,0%,108,,,,,,,
109,Eixo Governança,10,"Art. 9º, XXV",Pena Justa,"b.1) Fluxo para casos de tortura e maus-tratos (10 pontos): ato normativo de instituição do fluxo nos termos da Resolução CNJ nº 213/2015, do art. 7º da Resolução CNJ nº 414/2021 e do Volume III do Manual da Resolução CNJ nº 593/2024",Sim,GMF/AC, Debora da Silva Cardoso Nogueira ,Em Andamento,01/01/2026,31/07/2026,0,0,0%,109,,,,,,,
110,Eixo Governança,10,"Art. 9º, XXV",Pena Justa,"b.2) Fluxo para casos de óbito de pessoas privadas de liberdade (10 pontos): ato normativo de instituição do fluxo nos termos da Resolução CNJ nº 593/2024
e do Volume III do Manual
Resolução CNJ nº 593/2024;",Sim,GMF/AC, Debora da Silva Cardoso Nogueira ,Em Andamento,01/01/2026,31/07/2026,0,0,0%,110,,,,,,,
111,Eixo Governança,10,"Art. 9º, XXV",Pena Justa,"c) Fluxo da Política Antimanicomial (10 pontos): ato normativo de instituição do fluxo de porta de entrada e do fluxo de desinstitucionalização de acordo com o Manual da Política Antimanicomial e do Protocolo do Conimpa, nos termos da Resolução CNJ nº 487/2023. A pontuação será atribuída conforme a comprovação de fluxos relativos à Porta de Entrada e à desinstitucionalização.",Sim,GMF/AC, Debora da Silva Cardoso Nogueira ,Em Andamento,01/01/2026,31/07/2026,0,0,0%,111,,,,,,,
112,Eixo Governança,,"Art. 9º, XXV",Pena Justa,"d) Até 30 pontos, de acordo com os seguintes critérios:",Sim,GMF/AC, Debora da Silva Cardoso Nogueira ,Em Andamento,01/01/2026,31/07/2026,0,0,0%,112,,,,,,,
113,Eixo Governança,15,"Art. 9º, XXV",Pena Justa,d.1) Pontuação de acordo com o número de temáticas abordadas (até 15 pontos):,Sim,GMF/AC, Debora da Silva Cardoso Nogueira ,Em Andamento,01/01/2026,31/07/2026,0,0,0%,113,,,,,,,
114,Eixo Governança,,"Art. 9º, XXV",Pena Justa,d.1.1) Até 3 temáticas: 5 pontos;,Sim,GMF/AC, Debora da Silva Cardoso Nogueira ,Em Andamento,01/01/2026,31/07/2026,0,0,0%,114,,,,,,,
115,Eixo Governança,,"Art. 9º, XXV",Pena Justa,d.1.2) De 4 a 6 temáticas: 10 pontos;,Sim,GMF/AC, Debora da Silva Cardoso Nogueira ,Em Andamento,01/01/2026,31/07/2026,0,0,0%,115,,,,,,,
116,Eixo Governança,,"Art. 9º, XXV",Pena Justa,d.1.3) Todas as 7 temáticas: 15 pontos.,Sim,GMF/AC, Debora da Silva Cardoso Nogueira ,Em Andamento,01/01/2026,31/07/2026,0,0,0%,116,,,,,,,
117,Eixo Governança,15,"Art. 9º, XXV",Pena Justa,d.2) Inserção das temáticas do Pena Justa nos cursos regulares de formação inicial e continuada oferecidos pela escola da magistratura ou escola judicial (15 pontos);,Sim,GMF/AC, Debora da Silva Cardoso Nogueira ,Em Andamento,01/01/2026,31/07/2026,0,0,0%,117,,,,,,,
118,Eixo Produtividade,90,"Art. 10, I","Alcançar os
melhores índices
no IPC-Jus.","Até 90 pontos, de acordo com o valor do IPC-Jus do tribunal:",Não ,COGER,Sean Campos,Em Andamento,01/01/2026,31/07/2026,0,0,0%,118,,,,,,,
119,Eixo Produtividade,,"Art. 10, I","Alcançar os
melhores índices
no IPC-Jus.","a) maior ou igual a 60,00% e menor que 70,00% (15 pontos);",Não ,COGER,Sean Campos,Em Andamento,01/01/2026,31/07/2026,0,0,0%,119,,,,,,,
120,Eixo Produtividade,,"Art. 10, I","Alcançar os
melhores índices
no IPC-Jus.","b) maior ou igual a 70,00% e menor que 80,00% (30 pontos);",Não ,COGER,Sean Campos,Em Andamento,01/01/2026,31/07/2026,0,0,0%,120,,,,,,,
121,Eixo Produtividade,,"Art. 10, I","Alcançar os
melhores índices
no IPC-Jus.","c) maior ou igual a 80,00% e menor que 90,00% (50 pontos);",Não ,COGER,Sean Campos,Em Andamento,01/01/2026,31/07/2026,0,0,0%,121,,,,,,,
122,Eixo Produtividade,,"Art. 10, I","Alcançar os
melhores índices
no IPC-Jus.","d) maior ou igual a 90,00% e menor que 100,00% (70 pontos);",Não ,COGER,Sean Campos,Em Andamento,01/01/2026,31/07/2026,0,0,0%,122,,,,,,,
123,Eixo Produtividade,,"Art. 10, I","Alcançar os
melhores índices
no IPC-Jus.","e) igual 100,00% (90 pontos).",Não ,COGER,Sean Campos,Em Andamento,01/01/2026,31/07/2026,0,0,0%,123,,,,,,,
124,Eixo Produtividade,70,"Art. 10, II",Tempo médio de duração dos processos pendentes líquidos.,"Até 70 pontos, de acordo com os seguintes critérios:",Não ,COGER,Sean Campos,Em Andamento,01/01/2026,31/07/2026,0,0,0%,124,,,,,,,
125,Eixo Produtividade,,"Art. 10, II",Tempo médio de duração dos processos pendentes líquidos.,a) até 500 dias (70 pontos);,Não ,COGER,Sean Campos,Em Andamento,01/01/2026,31/07/2026,0,0,0%,125,,,,,,,
126,Eixo Produtividade,,"Art. 10, II",Tempo médio de duração dos processos pendentes líquidos.,b) de 501 a 700 dias (50 pontos);,Não ,COGER,Sean Campos,Em Andamento,01/01/2026,31/07/2026,0,0,0%,126,,,,,,,
127,Eixo Produtividade,,"Art. 10, II",Tempo médio de duração dos processos pendentes líquidos.,c) de 701 a 900 dias (25 pontos),Não ,COGER,Sean Campos,Em Andamento,01/01/2026,31/07/2026,0,0,0%,127,,,,,,,
128,Eixo Produtividade,,"Art. 10, III",Índices de Conciliação e de Composição de Conflitos.,"Até 60 pontos, da seguinte forma:",Não ,COGER,Sean Campos,Em Andamento,01/01/2026,31/07/2026,0,0,0%,128,,,,,,,
129,Eixo Produtividade,10,"Art. 10, III",Índices de Conciliação e de Composição de Conflitos.,"a) Indicador I – total de processos com sentenças e decisões terminativas homologatórias de acordo, em relação ao total de processos com sentenças e decisões terminativas, considerando os processos de conhecimento não criminais e as reclamações préprocessuais de primeiro grau (10 pontos): ",Não ,COGER,Sean Campos,Em Andamento,01/01/2026,31/07/2026,0,0,0%,129,,,,,,,
130,Eixo Produtividade,,"Art. 10, III",Índices de Conciliação e de Composição de Conflitos.,"a.1) Justiça Estadual – a partir de 19,0%;",Não ,COGER,Sean Campos,Em Andamento,01/01/2026,31/07/2026,0,0,0%,130,,,,,,,
131,Eixo Produtividade,10,"Art. 10, III",Índices de Conciliação e de Composição de Conflitos.,"b) Indicador II – total de processos com sentenças e decisões terminativas homologatórias de acordo, em relação ao total de processos com sentenças e decisões terminativas, considerando os processos de conhecimento não criminais e as reclamações préprocessuais de juizados especiais (10 pontos):",Não ,COGER,Sean Campos,Em Andamento,01/01/2026,31/07/2026,0,0,0%,131,,,,,,,
132,Eixo Produtividade,,"Art. 10, III",Índices de Conciliação e de Composição de Conflitos.,"b.1) Justiça Estadual – a partir de 18,0%;",Não ,COGER,Sean Campos,Em Andamento,01/01/2026,31/07/2026,0,0,0%,132,,,,,,,
133,Eixo Produtividade,10,"Art. 10, III",Índices de Conciliação e de Composição de Conflitos.,"c) Indicador IV – total de processos com sentenças e decisões terminativas homologatórias de acordo, em relação ao total de processos com sentenças e decisões terminativas, considerando os processos de conhecimento não criminais de segundo grau (10 pontos).",Não ,COGER,Sean Campos,Em Andamento,01/01/2026,31/07/2026,0,0,0%,133,,,,,,,
134,Eixo Produtividade,,"Art. 10, III",Índices de Conciliação e de Composição de Conflitos.,"c.1) Justiça Estadual – a partir de 1,1%",Não ,COGER,Sean Campos,Em Andamento,01/01/2026,31/07/2026,0,0,0%,134,,,,,,,
135,Eixo Produtividade,10,"Art. 10, III",Índices de Conciliação e de Composição de Conflitos.,"d) Indicador V – total de processos com sentenças de execução de títulos executivos extrajudiciais não fiscais homologatórias de acordo, em relação ao total de processos com sentenças de execução de títulos executivos extrajudiciais não fiscais (10 pontos).",Não ,COGER,Sean Campos,Em Andamento,01/01/2026,31/07/2026,0,0,0%,135,,,,,,,
136,Eixo Produtividade,,"Art. 10, III",Índices de Conciliação e de Composição de Conflitos.,"d.1) Justiça Estadual – a partir de 30,0%;",Não ,COGER,Sean Campos,Em Andamento,01/01/2026,31/07/2026,0,0,0%,136,,,,,,,
137,Eixo Produtividade,10,"Art. 10, III",Índices de Conciliação e de Composição de Conflitos.,"e) Indicador VI – total de processos com sentenças de execução fiscal homologatórias de acordo, em relação ao total de processos com sentenças de execução fiscal (10 pontos).",Não ,COGER,Sean Campos,Em Andamento,01/01/2026,31/07/2026,0,0,0%,137,,,,,,,
138,Eixo Produtividade,,"Art. 10, III",Índices de Conciliação e de Composição de Conflitos.,"e.1) Justiça Estadual – a partir de 1,5%;",Não ,COGER,Sean Campos,Em Andamento,01/01/2026,31/07/2026,0,0,0%,138,,,,,,,
139,Eixo Produtividade,10,"Art. 10, III",Índices de Conciliação e de Composição de Conflitos.,"f) Indicador VII – total de processos não criminais com sentenças em execução judicial ou em cumprimento de sentença homologatórias de acordo, em relação ao total de processos não criminais com sentenças em execução judicial ou em cumprimento de sentença (10 pontos).",Não ,COGER,Sean Campos,Em Andamento,01/01/2026,31/07/2026,0,0,0%,139,,,,,,,
140,Eixo Produtividade,,"Art. 10, III",Índices de Conciliação e de Composição de Conflitos.,"f.1) Justiça Estadual – a partir de 13,0%;",Não ,COGER,Sean Campos,Em Andamento,01/01/2026,31/07/2026,0,0,0%,140,,,,,,,
141,Eixo Produtividade,,"Art. 10, IV",Metas Nacionais.,"a) Meta 1, Meta 2 e Meta 3: cumprimento da meta maior ou igual a 100,00% (20 pontos);",Não ,COGER,Sean Campos,Em Andamento,01/01/2026,31/07/2026,0,0,0%,141,,,,,,,
142,Eixo Produtividade,20,"Art. 10, IV",Metas Nacionais.,a.1) Meta 1,Não ,COGER,Sean Campos,Em Andamento,01/01/2026,31/07/2026,0,0,0%,142,,,,,,,
143,Eixo Produtividade,20,"Art. 10, IV",Metas Nacionais.,a.2) Meta 2,Não ,COGER,Sean Campos,Em Andamento,01/01/2026,31/07/2026,0,0,0%,143,,,,,,,
144,Eixo Produtividade,20,"Art. 10, IV",Metas Nacionais.,a.3) Meta 3,Não ,COGER,Sean Campos,Em Andamento,01/01/2026,31/07/2026,0,0,0%,144,,,,,,,
145,Eixo Produtividade,,"Art. 10, IV",Metas Nacionais.,"b) Meta 4, Meta 5, Meta 6, Meta 7, Meta 8, Meta 9 e Meta 10: cumprimento da meta maior ou igual a 100,00% (10 pontos).",Não ,COGER,Sean Campos,Em Andamento,01/01/2026,31/07/2026,0,0,0%,145,,,,,,,
146,Eixo Produtividade,10,"Art. 10, IV",Metas Nacionais.,b.1) Meta 4,Não ,COGER,Sean Campos,Em Andamento,01/01/2026,31/07/2026,0,0,0%,146,,,,,,,
147,Eixo Produtividade,10,"Art. 10, IV",Metas Nacionais.,b.2) Meta 5,Não ,COGER,Sean Campos,Em Andamento,01/01/2026,31/07/2026,0,0,0%,147,,,,,,,
148,Eixo Produtividade,10,"Art. 10, IV",Metas Nacionais.,b.3) Meta 6,Não ,COGER,Sean Campos,Em Andamento,01/01/2026,31/07/2026,0,0,0%,148,,,,,,,
149,Eixo Produtividade,10,"Art. 10, IV",Metas Nacionais.,b.4) Meta 7,Não ,COGER,Sean Campos,Em Andamento,01/01/2026,31/07/2026,0,0,0%,149,,,,,,,
150,Eixo Produtividade,10,"Art. 10, IV",Metas Nacionais.,b.5) Meta 8,Não ,COGER,Sean Campos,Em Andamento,01/01/2026,31/07/2026,0,0,0%,150,,,,,,,
151,Eixo Produtividade,10,"Art. 10, IV",Metas Nacionais.,b.6) Meta 9,Não ,COGER,Sean Campos,Em Andamento,01/01/2026,31/07/2026,0,0,0%,151,,,,,,,
152,Eixo Produtividade,10,"Art. 10, IV",Metas Nacionais.,b.7) Meta 10,Não ,COGER,Sean Campos,Em Andamento,01/01/2026,31/07/2026,0,0,0%,152,,,,,,,
153,Eixo Produtividade,,"Art. 10, V",Reduzir os processos antigos,"Até 70 pontos, de forma que os processos ajuizados até o ano de 2023 representem:",Não ,COGER,Sean Campos,Em Andamento,01/01/2026,31/07/2026,0,0,0%,153,,,,,,,
154,Eixo Produtividade,70,"Art. 10, V",Reduzir os processos antigos,"a) até 17,00% dos casos pendentes líquidos e não julgados até 31/7/2026 (70 pontos);",Não ,COGER,Sean Campos,Em Andamento,01/01/2026,31/07/2026,0,0,0%,154,,,,,,,
155,Eixo Produtividade,,"Art. 10, V",Reduzir os processos antigos,"b) de 17,01% a 22,00% dos casos pendentes líquidos e não julgados até 31/7/2026 (35 pontos);",Não ,COGER,Sean Campos,Em Andamento,01/01/2026,31/07/2026,0,0,0%,155,,,,,,,
156,Eixo Produtividade,20,"Art. 10, VI","Celeridade processual na tramitação dos processos de violência doméstica e familiar contra a mulher, de feminicídio e das medidas protetivas de urgência.",a) tempo médio decorrido entre a data do início da ação penal e a data-base de cálculo nos processos de violência doméstica e familiar contra a mulher pendentes líquidos:,Não ,COGER,Sean Campos,Em Andamento,01/01/2026,31/07/2026,0,0,0%,156,,,,,,,
157,Eixo Produtividade,,"Art. 10, VI","Celeridade processual na tramitação dos processos de violência doméstica e familiar contra a mulher, de feminicídio e das medidas protetivas de urgência.", a.1) até 400 dias (20 pontos); ,Não ,COGER,Sean Campos,Em Andamento,01/01/2026,31/07/2026,0,0,0%,157,,,,,,,
158,Eixo Produtividade,,"Art. 10, VI","Celeridade processual na tramitação dos processos de violência doméstica e familiar contra a mulher, de feminicídio e das medidas protetivas de urgência.",a.2) de 401 a 600 dias (10 pontos);,Não ,COGER,Sean Campos,Em Andamento,01/01/2026,31/07/2026,0,0,0%,158,,,,,,,
159,Eixo Produtividade,20,"Art. 10, VI","Celeridade processual na tramitação dos processos de violência doméstica e familiar contra a mulher, de feminicídio e das medidas protetivas de urgência.",b) tempo médio decorrido entre a data do início da ação e a data-base de cálculo nos processos de feminicídio pendentes líquidos:,Não ,COGER,Sean Campos,Em Andamento,01/01/2026,31/07/2026,0,0,0%,159,,,,,,,
160,Eixo Produtividade,,"Art. 10, VI","Celeridade processual na tramitação dos processos de violência doméstica e familiar contra a mulher, de feminicídio e das medidas protetivas de urgência.",b.1) até 400 dias (20 pontos);,Não ,COGER,Sean Campos,Em Andamento,01/01/2026,31/07/2026,0,0,0%,160,,,,,,,
161,Eixo Produtividade,,"Art. 10, VI","Celeridade processual na tramitação dos processos de violência doméstica e familiar contra a mulher, de feminicídio e das medidas protetivas de urgência.",b.2) de 401 a 600 dias (10 pontos);,Não ,COGER,Sean Campos,Em Andamento,01/01/2026,31/07/2026,0,0,0%,161,,,,,,,
162,Eixo Produtividade,20,"Art. 10, VI","Celeridade processual na tramitação dos processos de violência doméstica e familiar contra a mulher, de feminicídio e das medidas protetivas de urgência.","c) tempo médio decorrido entre a data do recebimento/ ajuizamento e a data da primeira concessão ou denegação da medida protetiva, nos processos de violência doméstica e familiar contra a mulher, das classes de medidas protetivas de urgência, de até 2 dias (20 pontos);",Não ,COGER,Sean Campos,Em Andamento,01/01/2026,31/07/2026,0,0,0%,162,,,,,,,
163,Eixo Produtividade,20,"Art. 10, VII",Celeridade e Conciliação nas ações de judicialização da saúde.,a) tempo médio decorrido entre a data do início da ação e a data-base de cálculo nos processos de judicialização da saúde pendentes líquidos:,Não ,COGER,Sean Campos,Em Andamento,01/01/2026,31/07/2026,0,0,0%,163,,,,,,,
164,Eixo Produtividade,,"Art. 10, VII",Celeridade e Conciliação nas ações de judicialização da saúde.,a.1) até 300 dias (20 pontos);,Não ,COGER,Sean Campos,Em Andamento,01/01/2026,31/07/2026,0,0,0%,164,,,,,,,
165,Eixo Produtividade,,"Art. 10, VII",Celeridade e Conciliação nas ações de judicialização da saúde.,a.2) de 301 a 500 dias (10 pontos).,Não ,COGER,Sean Campos,Em Andamento,01/01/2026,31/07/2026,0,0,0%,165,,,,,,,
166,Eixo Produtividade,20,"Art. 10, VII",Celeridade e Conciliação nas ações de judicialização da saúde.,b) índice de conciliação (20 pontos):,Não ,COGER,Sean Campos,Em Andamento,01/01/2026,31/07/2026,0,0,0%,166,,,,,,,
167,Eixo Produtividade,,"Art. 10, VII",Celeridade e Conciliação nas ações de judicialização da saúde.,"b.1) índice de conciliação na saúde pública acima de 4,0% (10 pontos)",Não ,COGER,Sean Campos,Em Andamento,01/01/2026,31/07/2026,0,0,0%,167,,,,,,,
168,Eixo Produtividade,,"Art. 10, VIII",Celeridade processual na tramitação das ações de direito assistencial.,a) tempo médio decorrido entre a data do início da ação e data-base de cálculo nos processos de direito assistencial pendentes líquidos,Não ,COGER,Sean Campos,Em Andamento,01/01/2026,31/07/2026,0,0,0%,168,,,,,,,
169,Eixo Produtividade,20,"Art. 10, VIII",Celeridade processual na tramitação das ações de direito assistencial.,a.1) até 200 dias (20 pontos);,Não ,COGER,Sean Campos,Em Andamento,01/01/2026,31/07/2026,0,0,0%,169,,,,,,,
170,Eixo Produtividade,,"Art. 10, VIII",Celeridade processual na tramitação das ações de direito assistencial.,a.2) de 201 a 400 dias (10 pontos).,Não ,COGER,Sean Campos,Em Andamento,01/01/2026,31/07/2026,0,0,0%,170,,,,,,,
171,Eixo Produtividade,,"Art. 10, IX",Celeridade processual na tramitação das ações penais.,"a) tempo médio dos processos pendentes líquidos, considerando o número de dias decorridos entre o início da ação penal e a database de cálculo: Na Justiça Estadual e na Justiça Federal:",Não ,COGER,Sean Campos,Em Andamento,01/01/2026,31/07/2026,0,0,0%,171,,,,,,,
172,Eixo Produtividade,20,"Art. 10, IX",Celeridade processual na tramitação das ações penais.,a.1) até 700 dias (20 pontos);,Não ,COGER,Sean Campos,Em Andamento,01/01/2026,31/07/2026,0,0,0%,172,,,,,,,
173,Eixo Produtividade,,"Art. 10, IX",Celeridade processual na tramitação das ações penais.,a.2) de 701 a 1.000 dias (10 pontos).,Não ,COGER,Sean Campos,Em Andamento,01/01/2026,31/07/2026,0,0,0%,173,,,,,,,
174,Eixo Produtividade,15,"Art. 10, IX",Celeridade processual na tramitação das ações penais.,"b) tempo médio dos processos pendentes líquidos, decorrido entre a data do início da ação penal de competência do júri e data-base de cálculo:",Não ,COGER,Sean Campos,Em Andamento,01/01/2026,31/07/2026,0,0,0%,174,,,,,,,
175,Eixo Produtividade,,"Art. 10, X",Julgamento de IRDR ou IAC,"Até 15 pontos, sendo 5 pontos para cada IRDR ou para cada IAC julgado no período de referência, até o limite de 15 pontos. A ausência de IRDR ou IAC instaurado ou julgado no tribunal acarreta perda integral da pontuação.",Não ,COGER,Sean Campos,Em Andamento,01/01/2026,31/07/2026,0,0,0%,175,,,,,,,
176,Eixo Produtividade,,"Art. 10, XI",Unidades judiciárias com melhores Índices de Atendimento à Demanda,"Até 50 pontos, de acordo com o percentual de unidades judiciárias que alcançarem os melhores resultados, da seguinte forma:
i) IAD igual ou superior a 100,0%; ou  ii) IAD igual ou superior a 90,0%, desde a taxa de congestionamento líquida seja superior a 25,0% (exceto para a justiça eleitoral)",Não ,COGER,Sean Campos,Em Andamento,01/01/2026,31/07/2026,0,0,0%,176,,,,,,,
177,Eixo Produtividade,,"Art. 10, XI",Unidades judiciárias com melhores Índices de Atendimento à Demanda,a) Unidades de primeiro grau (até 30 pontos): Será calculado o percentual de unidades judiciárias de primeiro grau que tenham atingido os seguintes resultados:,Não ,COGER,Sean Campos,Em Andamento,01/01/2026,31/07/2026,0,0,0%,177,,,,,,,
178,Eixo Produtividade,,"Art. 10, XI",Unidades judiciárias com melhores Índices de Atendimento à Demanda,"a.1) de 30,01% a 40,00% das unidades judiciárias (10 pontos);",Não ,COGER,Sean Campos,Em Andamento,01/01/2026,31/07/2026,0,0,0%,178,,,,,,,
179,Eixo Produtividade,,"Art. 10, XI",Unidades judiciárias com melhores Índices de Atendimento à Demanda,"a.2) de 40,01% a 50,00% das unidades judiciárias (15 pontos);",Não ,COGER,Sean Campos,Em Andamento,01/01/2026,31/07/2026,0,0,0%,179,,,,,,,
180,Eixo Produtividade,,"Art. 10, XI",Unidades judiciárias com melhores Índices de Atendimento à Demanda,"a.3) de 50,01% a 65,00% das unidades judiciárias (20 pontos);",Não ,COGER,Sean Campos,Em Andamento,01/01/2026,31/07/2026,0,0,0%,180,,,,,,,
181,Eixo Produtividade,30,"Art. 10, XI",Unidades judiciárias com melhores Índices de Atendimento à Demanda,"a.4) de 65,01% a 80,00% das unidades judiciárias (25 pontos);",Não ,COGER,Sean Campos,Em Andamento,01/01/2026,31/07/2026,0,0,0%,181,,,,,,,
182,Eixo Produtividade,,"Art. 10, XI",Unidades judiciárias com melhores Índices de Atendimento à Demanda,"a.5) acima de 80,00% das unidades judiciárias (30 pontos).",Não ,COGER,Sean Campos,Em Andamento,01/01/2026,31/07/2026,0,0,0%,182,,,,,,,
183,Eixo Produtividade,,"Art. 10, XI",Unidades judiciárias com melhores Índices de Atendimento à Demanda,"b) Unidades de segundo grau e de Tribunais Superiores (até 20 pontos):Será calculado o percentual de unidades judiciárias de segundo grau ou de Tribunais Superiores que tenham atingido os seguintes resultados: i) IAD igual ou superior a 100,0%; ou ii) IAD igual ou superior a 90,0%, desde a taxa de congestionamento líquida seja superior a 25,0% (exceto para a justiça eleitoral).",Não ,COGER,Sean Campos,Em Andamento,01/01/2026,31/07/2026,0,0,0%,183,,,,,,,
184,Eixo Produtividade,,"Art. 10, XI",Unidades judiciárias com melhores Índices de Atendimento à Demanda,"b.1) de 30,01% a 40,00% das unidades judiciárias (5 pontos);",Não ,COGER,Sean Campos,Em Andamento,01/01/2026,31/07/2026,0,0,0%,184,,,,,,,
185,Eixo Produtividade,,"Art. 10, XI",Unidades judiciárias com melhores Índices de Atendimento à Demanda,"b.2) de 40,01% a 50,00% das unidades judiciárias (8 pontos);",Não ,COGER,Sean Campos,Em Andamento,01/01/2026,31/07/2026,0,0,0%,185,,,,,,,
186,Eixo Produtividade,,"Art. 10, XI",Unidades judiciárias com melhores Índices de Atendimento à Demanda,"b.3) de 50,01% a 65,00% das unidades judiciárias (12 pontos);",Não ,COGER,Sean Campos,Em Andamento,01/01/2026,31/07/2026,0,0,0%,186,,,,,,,
187,Eixo Produtividade,20,"Art. 10, XI",Unidades judiciárias com melhores Índices de Atendimento à Demanda,"b.4) de 65,01% a 80,00% das unidades judiciárias (15 pontos);",Não ,COGER,Sean Campos,Em Andamento,01/01/2026,31/07/2026,0,0,0%,187,,,,,,,
188,Eixo Produtividade,,"Art. 10, XI",Unidades judiciárias com melhores Índices de Atendimento à Demanda,"b.5) acima de 80,00% das unidades judiciárias (20 pontos).",Não ,COGER,Sean Campos,Em Andamento,01/01/2026,31/07/2026,0,0,0%,188,,,,,,,
189,Eixo Produtividade,20,"Art. 10, XII","Solucionar as
ações ambientais","Até 40 pontos, de acordo com:",Não ,COGER,Sean Campos,Em Andamento,01/01/2026,31/07/2026,0,0,0%,189,,,,,,,
190,Eixo Produtividade,20,"Art. 10, XII","Solucionar as
ações ambientais","a) IAD nas ações ambientais igual ou maior que 100,00% (20 pontos);",Não ,COGER,Sean Campos,Em Andamento,01/01/2026,31/07/2026,0,0,0%,190,,,,,,,
191,Eixo Produtividade,,"Art. 10, XII","Solucionar as
ações ambientais","b) julgar, entre 1º/8/2025 e 31/7/2026, pelo menos 30,00% dos processos ambientais ingressados até 31/12/2022 e que não tinham sido julgados ou baixados até 31/7/2025 (20 pontos).",Não ,COGER,Sean Campos,Em Andamento,01/01/2026,31/07/2026,0,0,0%,191,,,,,,,
192,Eixo Produtividade,50,"Art. 10, XIII","Plano Pena Justa: Julgar os Incidentes de Progressão de Regime, livramento condicional e término de pena vencidos no SEEU","Até 70 pontos, da seguinte forma:",Não ,COGER,Sean Campos,Em Andamento,01/01/2026,31/07/2026,0,0,0%,192,,,,,,,
193,Eixo Produtividade,,"Art. 10, XIII","Plano Pena Justa: Julgar os Incidentes de Progressão de Regime, livramento condicional e término de pena vencidos no SEEU",a) Incidentes de Progressão de Regime e livramento condicional (50 pontos):,Não ,COGER,Sean Campos,Em Andamento,01/01/2026,31/07/2026,0,0,0%,193,,,,,,,
194,Eixo Produtividade,,"Art. 10, XIII","Plano Pena Justa: Julgar os Incidentes de Progressão de Regime, livramento condicional e término de pena vencidos no SEEU",a.1) até 1%: 50 pontos;,Não ,COGER,Sean Campos,Em Andamento,01/01/2026,31/07/2026,0,0,0%,194,,,,,,,
195,Eixo Produtividade,20,"Art. 10, XIII","Plano Pena Justa: Julgar os Incidentes de Progressão de Regime, livramento condicional e término de pena vencidos no SEEU",a.2) acima de 1% e até 2%: 25 pontos,Não ,COGER,Sean Campos,Em Andamento,01/01/2026,31/07/2026,0,0,0%,195,,,,,,,
196,Eixo Produtividade,,"Art. 10, XIII","Plano Pena Justa: Julgar os Incidentes de Progressão de Regime, livramento condicional e término de pena vencidos no SEEU",b) Incidentes de término de pena vencidos no SEEU (20 pontos),Não ,COGER,Sean Campos,Em Andamento,01/01/2026,31/07/2026,0,0,0%,196,,,,,,,
197,Eixo Produtividade,,"Art. 10, XIII","Plano Pena Justa: Julgar os Incidentes de Progressão de Regime, livramento condicional e término de pena vencidos no SEEU","b.1) até 0,2%: 10 pontos;",Não ,COGER,Sean Campos,Em Andamento,01/01/2026,31/07/2026,0,0,0%,197,,,,,,,
198,Eixo Produtividade,5,"Art. 10, XIII","Plano Pena Justa: Julgar os Incidentes de Progressão de Regime, livramento condicional e término de pena vencidos no SEEU","b.2) acima de 0,2% até 0,3%: 5 pontos.",Não ,COGER,Sean Campos,Em Andamento,01/01/2026,31/07/2026,0,0,0%,198,,,,,,,
199,Eixo Produtividade,15,"Art. 10, XIV",Implementar as audiências concentradas para reavaliação de medidas socioeducativas de internação e semiliberdade.,a) Regulamentação das audiências concentradas para reavaliação de medidas socioeducativas de internação e semiliberdade nos Tribunais de Justiça (5 pontos).,Não ,COGER,Sean Campos,Em Andamento,01/01/2026,31/07/2026,0,0,0%,199,,,,,,,
200,Eixo Produtividade,,"Art. 10, XIV",Implementar as audiências concentradas para reavaliação de medidas socioeducativas de internação e semiliberdade.,b) Realização de audiências concentradas de reavaliação de medidas socioeducativas de internação e semiliberdade (até 15 pontos).,Não ,COGER,Sean Campos,Em Andamento,01/01/2026,31/07/2026,0,0,0%,200,,,,,,,
201,Eixo Produtividade,,"Art. 10, XIV",Implementar as audiências concentradas para reavaliação de medidas socioeducativas de internação e semiliberdade.,"b.1) percentual de 90,00% a 100,00% (10 pontos);",Não ,COGER,Sean Campos,Em Andamento,01/01/2026,31/07/2026,0,0,0%,201,,,,,,,
202,Eixo Produtividade,20,"Art. 10, XIV",Implementar as audiências concentradas para reavaliação de medidas socioeducativas de internação e semiliberdade.,"b.2) percentual acima de 100,00% (15 pontos).",Não ,COGER,Sean Campos,Em Andamento,01/01/2026,31/07/2026,0,0,0%,202,,,,,,,
203,Eixo Produtividade,,"Art. 10, XV",Celeridade processual na tramitação dos processos de apuração de atos infracionais.,"a) tempo de tramitação dos processos pendentes líquidos, considerando o número de dias decorridos entre o início do processo de apuração do ato infracional e a data-base de cálculo:",Não ,COGER,Sean Campos,Em Andamento,01/01/2026,31/07/2026,0,0,0%,203,,,,,,,
204,Eixo Produtividade,,"Art. 10, XV",Celeridade processual na tramitação dos processos de apuração de atos infracionais.,"a.1) de 70,00% a 80,00% dos processos com até 180 dias de tramitação (10 pontos).",Não ,COGER,Sean Campos,Em Andamento,01/01/2026,31/07/2026,0,0,0%,204,,,,,,,
205,Eixo Produtividade,,"Art. 10, XV",Celeridade processual na tramitação dos processos de apuração de atos infracionais.,"a.2) de 80,01% a 90,00% dos processos com até 180 dias de tramitação (15 pontos).",Não ,COGER,Sean Campos,Em Andamento,01/01/2026,31/07/2026,0,0,0%,205,,,,,,,
206,Eixo Produtividade,,"Art. 10, XV",Celeridade processual na tramitação dos processos de apuração de atos infracionais.,"a.3) acima de 90,00% dos processos com até 180 dias de tramitação (20 pontos).",Não ,COGER,Sean Campos,Em Andamento,01/01/2026,31/07/2026,0,0,0%,206,,,,,,,
207,Eixo Transparência,100,"Art. 11, I",Ranking da Transparência,"a) de 95,00% a 99,99% (80 pontos);",Não ,SEGOV ,Hélio Oliveira,Em Andamento,01/01/2026,31/07/2026,0,0,0%,207,,,,,,,
208,Eixo Transparência,,"Art. 11, I",Ranking da Transparência,"b) 100,00% (100 pontos).",Não ,SEGOV ,Hélio Oliveira,Em Andamento,01/01/2026,31/07/2026,0,0,0%,208,,,,,,,
209,Eixo Transparência,,"Art. 11, II",Atendimento ao cidadão – Ouvidoria,"Até 40 pontos, de acordo com os seguintes percentuais de respostas enviadas ao CNJ em até 30 dias, com caráter resolutivo:",Não ,SEGOV ,Hélio Oliveira,Em Andamento,01/01/2026,31/07/2026,0,0,0%,209,,,,,,,
210,Eixo Transparência,40,"Art. 11, II",Atendimento ao cidadão – Ouvidoria,"a) de 80,1% a 95,0% (20 pontos);",Não ,SEGOV ,Hélio Oliveira,Em Andamento,01/01/2026,31/07/2026,0,0,0%,210,,,,,,,
211,Eixo Transparência,,"Art. 11, II",Atendimento ao cidadão – Ouvidoria,"b) acima de 95,0% (40 pontos).",Não ,SEGOV ,Hélio Oliveira,Em Andamento,01/01/2026,31/07/2026,0,0,0%,211,,,,,,,
212,Dados e Tecnologia,,"Art. 12, I",DataJud,"170 pontos, considerando os processos baixados ou em tramitação desde 1º/1/2020 que estão inseridos no DataJud e que pertençam ao grupo de natureza “conhecimento” ou “execução”, exceto execuções penais.",Não ,SETIC ,Josana Aymara Pereira Nishihira,Em Andamento,01/01/2026,31/07/2026,0,0,0%,212,,,,,,,
213,Dados e Tecnologia,10,"Art. 12, I",DataJud,a) Erros relacionados aos processos (até 30 pontos):,Não ,SETIC ,Josana Aymara Pereira Nishihira,Em Andamento,01/01/2026,31/07/2026,0,0,0%,213,,,,,,,
214,Dados e Tecnologia,10,"Art. 12, I",DataJud,a.1) possuir 99% dos processos com tipoAssuntoProcessual.codigoNacional e/ou tipoAssuntoLocal.codigoPaiNacional válidos que sejam folha (último nível) ou de nível 3 ou mais (10 pontos);,Não ,SETIC ,Josana Aymara Pereira Nishihira,Em Andamento,01/01/2026,31/07/2026,0,0,0%,214,,,,,,,
215,Dados e Tecnologia,10,"Art. 12, I",DataJud,a.2) possuir 99% dos processos com tipoMovimentoNacional.codigoNacional e/ou tipoMovimentoLocal.codigoPaiNacional preenchid,Não ,SETIC ,Josana Aymara Pereira Nishihira,Em Andamento,01/01/2026,31/07/2026,0,0,0%,215,,,,,,,
216,Dados e Tecnologia,,"Art. 12, I",DataJud,"a.3) mais de 98% dos movimentos que possuam complementos tabelados com os campos movimentoNacional.complemento e/ ou movimentoLocal.complemento preenchidos e em formato válido, no padrão do modelo XSD (10 pontos).",Não ,SETIC ,Josana Aymara Pereira Nishihira,Em Andamento,01/01/2026,31/07/2026,0,0,0%,216,,,,,,,
217,Dados e Tecnologia,10,"Art. 12, I",DataJud,b) validação dos campos relativos às partes do polo ativo e do polo passivo (até 50 pontos);,Não ,SETIC ,Josana Aymara Pereira Nishihira,Em Andamento,01/01/2026,31/07/2026,0,0,0%,217,,,,,,,
218,Dados e Tecnologia,10,"Art. 12, I",DataJud,"b.1) mais de 98% dos processos Pessoa.numeroDocumentoPrincipal preenchidos e em formato válido, em pessoa do polo ativo E PoloProcessual.polo, tipo igual AT: polo ativo preenchido (10 pontos);",Não ,SETIC ,Josana Aymara Pereira Nishihira,Em Andamento,01/01/2026,31/07/2026,0,0,0%,218,,,,,,,
219,Dados e Tecnologia,10,"Art. 12, I",DataJud,"b.2) mais de 98% dos processos Pessoa.numeroDocumentoPrincipal preenchidos e em formato válido, em pessoa do polo passivo PoloProcessual.polo, tipo igual PA: polo passivo preenchido (10 pontos);",Não ,SETIC ,Josana Aymara Pereira Nishihira,Em Andamento,01/01/2026,31/07/2026,0,0,0%,219,,,,,,,
220,Dados e Tecnologia,10,"Art. 12, I",DataJud,"b.3) mais de 95% dos processos advogado.tipoRepresentante, dos tipos tipoRepresentanteProcessual e modalidadeRepresentanteProcessual, preenchidos e enviados no polo passivo e no polo ativo, com uma das opções válidas (“A” para advogado, “E” para escritório de advocacia, “M” para ministério público, “D” para defensoria pública e “P” para outros órgãos) (10 pontos);",Não ,SETIC ,Josana Aymara Pereira Nishihira,Em Andamento,01/01/2026,31/07/2026,0,0,0%,220,,,,,,,
221,Dados e Tecnologia,10,"Art. 12, I",DataJud,"b.4) mais de 98% dos processos advogado.inscricao de número de inscrição da OAB, dos tipos tipoRepresentanteProcessual e tipoCadastroOAB, preenchidos para os tipoRepresentante=”A” (advogado) (10 pontos)",Não ,SETIC ,Josana Aymara Pereira Nishihira,Em Andamento,01/01/2026,31/07/2026,0,0,0%,221,,,,,,,
222,Dados e Tecnologia,,"Art. 12, I",DataJud,"b.5) mais de 90% dos processos ajuizados entre 1º/1/2026 e 31/7/2026 com o campo tipoRacaCorPessoa preenchido e válido para todas as partes do Polo Ativo (AT), Polo Passivo (PA) e Vítima (VI), do tipoPessoa igual a Pessoa Física, cadastradas no processo. São válidas as opções listadas no MTD: BC – Branco(a), PD – Pardo(a), PR – Preto(a), IN – Indígena, AM – Amarelo(a) e ND – Não declarado (10 pontos).",Não ,SETIC ,Josana Aymara Pereira Nishihira,Em Andamento,01/01/2026,31/07/2026,0,0,0%,222,,,,,,,
223,Dados e Tecnologia,10,"Art. 12, I",DataJud,c) Validação de campos de tópicos específicos (65 pontos):,Não ,SETIC ,Josana Aymara Pereira Nishihira,Em Andamento,01/01/2026,31/07/2026,0,0,0%,223,,,,,,,
224,Dados e Tecnologia,10,"Art. 12, I",DataJud,c.1) possuir 99% dos movimentos de remessa (123 ou 982) com complemento preenchido em formato válido (10 pontos);,Não ,SETIC ,Josana Aymara Pereira Nishihira,Em Andamento,01/01/2026,31/07/2026,0,0,0%,224,,,,,,,
225,Dados e Tecnologia,10,"Art. 12, I",DataJud,"c.2) possuir 99% dos movimentos 14739 (Evolução da Classe Processual), 14738 (Retificação de Classe Processual), 10966 (Mudança de Classe Processual), com complemento preenchido em formato válido e com identificação das classes que estejam de acordo com as TPUs (10 pontos);",Não ,SETIC ,Josana Aymara Pereira Nishihira,Em Andamento,01/01/2026,31/07/2026,0,0,0%,225,,,,,,,
226,Dados e Tecnologia,10,"Art. 12, I",DataJud,"c.3) mais de 98% dos movimentos, lançados a partir de 2020, de suspensão por recurso extraordinário com repercussão geral (265) ou por recurso especial repetitivo (11975) ou por recurso de revista repetitivo (14973) ou por incidente de resolução de demandas repetitivas (12098) ou por incidente de assunção de competência – IAC (14968) ou por decisão do Presidente do STF – SIRDR (12100) ou por decisão do Presidente do STJ – SIRDR (12099) ou por Decisão do Presidente do TST – SIRDR (14972), com complemento preenchido em formato válido, e de acordo com os números dos temas existentes no BNP (ou BNPR), instituído pela Resolução CNJ nº 444/2022 (10 pontos);",Não ,SETIC ,Josana Aymara Pereira Nishihira,Em Andamento,01/01/2026,31/07/2026,0,0,0%,226,,,,,,,
227,Dados e Tecnologia,10,"Art. 12, I",DataJud,"c.4) mais de 95% dos movimentos, lançados a partir de 2020, de medidas protetivas de urgência (11423, 11424, 11426, 12476, 12479, 14733, 14681) com complemento tabelado preenchido em formato válido (10 pontos);",Não ,SETIC ,Josana Aymara Pereira Nishihira,Em Andamento,01/01/2026,31/07/2026,0,0,0%,227,,,,,,,
228,Dados e Tecnologia,10,"Art. 12, I",DataJud,c.5) mais de 98% dos processos que tenham movimentos de sessão do Tribunal do júri (movimento 313) com complemento preenchido e válido (10 pontos);,Não ,SETIC ,Josana Aymara Pereira Nishihira,Em Andamento,01/01/2026,31/07/2026,0,0,0%,228,,,,,,,
229,Dados e Tecnologia,5,"Art. 12, I",DataJud,"c.6) mais de 98% dos movimentos da hierarquia 193 (julgamento), com o campo movimento.tipoResponsavelMovimento igual a 1 (magistrado) E com número do CPF válido e preenchido no campo movimento.responsavelMovimento OU movimento.magistradoProlator, dos tipos tipoMovimentoProcessual e tipoCadastroIdentificador, e cujo CPF esteja cadastrado na tabela de magistrados(as) do MPM. Somente serão exigidos os CPFs cadastrados no MPM para os movimentos processuais com data igual ou maior a 1º/7/2023 (10 pontos).",Não ,SETIC ,Josana Aymara Pereira Nishihira,Em Andamento,01/01/2026,31/07/2026,0,0,0%,229,,,,,,,
230,Dados e Tecnologia,,"Art. 12, I",DataJud,"c.7) mais de 80% dos processos parametrizados no art. 10, XII desta portaria e ajuizados no período de 1º/1/2026 a 31/7/2026 preenchidos com documento geoespacial no campo documento.tipoDocumento e documento.conteudo, com formato válido, compatível com o padrão KML aceito pelo SireneJud - https://sirenejud.cnj.jus.br/home (5 pontos).",Não ,SETIC ,Josana Aymara Pereira Nishihira,Em Andamento,01/01/2026,31/07/2026,0,0,0%,230,,,,,,,
231,Dados e Tecnologia,10,"Art. 12, I",DataJud,"d) Enviar, na versão 1.2 do MTD todos os processos baixados ou em tramitação desde 1º/1/2020 que estão inseridos no DataJud e que pertençam ao grupo de natureza “conhecimento” ou “execução”, exceto execuções penais. (25 pontos);",Não ,SETIC ,Josana Aymara Pereira Nishihira,Em Andamento,01/01/2026,31/07/2026,0,0,0%,231,,,,,,,
232,Dados e Tecnologia,10,"Art. 12, I",DataJud,"d.1) possuir 100% de movimentos preenchidos com a classe processual correspondente na data da movimentação, com o campo movimento.classeProcessual preenchido e em formato válido (10 pontos);",Não ,SETIC ,Josana Aymara Pereira Nishihira,Em Andamento,01/01/2026,31/07/2026,0,0,0%,232,,,,,,,
233,Dados e Tecnologia,5,"Art. 12, I",DataJud,"d.2) possuir 100% dos movimentos preenchidos com o órgão julgador correspondente na data da movimentação, com o campo movimento.orgaoJulgador.codigoOrgao preenchido e em formato válido (10 pontos);",Não ,SETIC ,Josana Aymara Pereira Nishihira,Em Andamento,01/01/2026,31/07/2026,0,0,0%,233,,,,,,,
234,Dados e Tecnologia,15,"Art. 12, I",DataJud,"d.3) possuir 100% dos processos com o campo dadosBasicos.tipoPrioridade preenchido e em formato válido, quando dadosBasicos.pedidoPrioridade for assinalado como “True”. A ausência ou excesso de pedidos assinalados como “True” pode acarretar perda da pontuação (5 pontos).",Não ,SETIC ,Josana Aymara Pereira Nishihira,Em Andamento,01/01/2026,31/07/2026,0,0,0%,234,,,,,,,
235,Dados e Tecnologia,15,"Art. 12, II",Módulo de Pessoal e Estrutura Judiciária Mensal (MPM).,"a) Cadastro de serventias: até 1,00% das serventias ativas com registro de inconsistência ou com ausência de informação no sistema MPM (15 pontos)",Não ,SETIC ,Josana Aymara Pereira Nishihira,Em Andamento,01/01/2026,31/07/2026,0,0,0%,235,,,,,,,
236,Dados e Tecnologia,15,"Art. 12, II",Módulo de Pessoal e Estrutura Judiciária Mensal (MPM).,"b) Cadastro de magistrados(as): até 1,00% de magistrados(as) ativos com registro de inconsistência ou com ausência de informação no sistema MPM (15 pontos); e",Não ,SETIC ,Josana Aymara Pereira Nishihira,Em Andamento,01/01/2026,31/07/2026,0,0,0%,236,,,,,,,
237,Dados e Tecnologia,15,"Art. 12, II",Módulo de Pessoal e Estrutura Judiciária Mensal (MPM).,"c) Cadastro de servidores(as): até 1,00% de servidores(as) ativos com registros inconsistentes ou com ausência de informação no sistema MPM (15 pontos).",Não ,SETIC ,Josana Aymara Pereira Nishihira,Em Andamento,01/01/2026,31/07/2026,0,0,0%,237,,,,,,,
238,Dados e Tecnologia,10,"Art. 12, II",Módulo de Pessoal e Estrutura Judiciária Mensal (MPM).,"d) Cadastro de força auxiliar(as): até 3,00% de profissionais ativos com registros inconsistentes ou com ausência de informação no sistema MPM (15 pontos).",Não ,SETIC ,Josana Aymara Pereira Nishihira,Em Andamento,01/01/2026,31/07/2026,0,0,0%,238,,,,,,,
239,Dados e Tecnologia,,"Art. 12, III",Saneamento do DataJud por Unidade Judiciária,a) dados básicos (10 pontos):,Não ,SETIC ,Josana Aymara Pereira Nishihira,Em Andamento,01/01/2026,31/07/2026,0,0,0%,239,,,,,,,
240,Dados e Tecnologia,10,"Art. 12, III",Saneamento do DataJud por Unidade Judiciária,a.1) todas as unidades judiciárias com 100% de processos com códigos classeProcessual válidos e que sejam folha (último nível);,Não ,SETIC ,Josana Aymara Pereira Nishihira,Em Andamento,01/01/2026,31/07/2026,0,0,0%,240,,,,,,,
241,Dados e Tecnologia,,"Art. 12, III",Saneamento do DataJud por Unidade Judiciária,b) assuntos (10 pontos):,Não ,SETIC ,Josana Aymara Pereira Nishihira,Em Andamento,01/01/2026,31/07/2026,0,0,0%,241,,,,,,,
242,Dados e Tecnologia,10,"Art. 12, III",Saneamento do DataJud por Unidade Judiciária,b.1) a partir de 95% das unidades judiciárias com 99% dos processos com tipoAssuntoProcessual.codigoNacional e/ ou tipoAssuntoLocal.codigoPaiNacional válidos que sejam folha (último nível) ou de nível 3 ou mais;,Não ,SETIC ,Josana Aymara Pereira Nishihira,Em Andamento,01/01/2026,31/07/2026,0,0,0%,242,,,,,,,
243,Dados e Tecnologia,,"Art. 12, III",Saneamento do DataJud por Unidade Judiciária,c) partes (10 pontos):,Não ,SETIC ,Josana Aymara Pereira Nishihira,Em Andamento,01/01/2026,31/07/2026,0,0,0%,243,,,,,,,
244,Dados e Tecnologia,,"Art. 12, III",Saneamento do DataJud por Unidade Judiciária,"c.1) a partir de 95% das unidades judiciárias possuem mais de 98% dos processos Pessoa.numeroDocumentoPrincipal preenchidos e em formato válido, em pessoa do polo ativo e PoloProcessual.polo, tipo igual AT: polo ativo preenchido (5 pontos);",Não ,SETIC ,Josana Aymara Pereira Nishihira,Em Andamento,01/01/2026,31/07/2026,0,0,0%,244,,,,,,,
245,Dados e Tecnologia,50,"Art. 12, III",Saneamento do DataJud por Unidade Judiciária,"c.2) a partir de 95% das unidades judiciárias possuem mais de 98% dos processos Pessoa.numeroDocumentoPrincipal preenchidos e em formato válido, em pessoa do polo passivo PoloProcessual.polo, tipo igual PA: polo passivo preenchido (5 pontos).",Não ,SETIC ,Josana Aymara Pereira Nishihira,Em Andamento,01/01/2026,31/07/2026,0,0,0%,245,,,,,,,
246,Dados e Tecnologia,30,"Art. 12, IV",Tramitar as ações judiciais de forma eletrônica.,"50 pontos, para os tribunais com 100% de processos pendentes eletrônicos, calculado pela divisão do total de processos pendentes no DataJud, preenchido com o atributo dadosBasicos.procEl =1 em relação ao total de processos pendentes no DataJud: Caso o atributo dadosBasicos.procEl não esteja preenchido, o processo será considerado como físico para fins de avaliação do requisito.",Não ,SETIC ,Josana Aymara Pereira Nishihira,Em Andamento,01/01/2026,31/07/2026,0,0,0%,246,,,,,,,
247,Dados e Tecnologia,,"Art. 12, V","Índice de Governança Gestão e Infraestrutura em Tecnologia da Informação (iGov-TICJUD),",a) alcançar o seguinte desempenho no iGov-TICJUD:,Não ,SETIC ,Josana Aymara Pereira Nishihira,Em Andamento,01/01/2026,31/07/2026,0,0,0%,247,,,,,,,
248,Dados e Tecnologia,,"Art. 12, V","Índice de Governança Gestão e Infraestrutura em Tecnologia da Informação (iGov-TICJUD),","a.1) satisfatório, com pontuação entre 0,40 e 0,69 (10 pontos);",Não ,SETIC ,Josana Aymara Pereira Nishihira,Em Andamento,01/01/2026,31/07/2026,0,0,0%,248,,,,,,,
249,Dados e Tecnologia,,"Art. 12, V","Índice de Governança Gestão e Infraestrutura em Tecnologia da Informação (iGov-TICJUD),","a.2) aprimorado, com pontuação entre 0,70 e 0,89 (20 pontos);",Não ,SETIC ,Josana Aymara Pereira Nishihira,Em Andamento,01/01/2026,31/07/2026,0,0,0%,249,,,,,,,
250,Dados e Tecnologia,30,"Art. 12, V","Índice de Governança Gestão e Infraestrutura em Tecnologia da Informação (iGov-TICJUD),","a.3) excelência, com pontuação a partir de 0,90 (30 pontos).",Não ,SETIC ,Josana Aymara Pereira Nishihira,Em Andamento,01/01/2026,31/07/2026,0,0,0%,250,,,,,,,
251,Dados e Tecnologia,15,"Art. 12, V","Índice de Governança Gestão e Infraestrutura em Tecnologia da Informação (iGov-TICJUD),","b) alcançar percentual igual ou superior a 70,00% do referencial mínimo para o seu quadro permanente de servidores, conforme estabelecido no art. 24, § 1º da Resolução CNJ nº 370/2021 e cálculos apurados no iGov-TIC-JUD (30 pontos).",Não ,SETIC ,Josana Aymara Pereira Nishihira,Em Andamento,01/01/2026,31/07/2026,0,0,0%,251,,,,,,,
252,Dados e Tecnologia,15,"Art. 12, VI",Utilizar a integração com a Plataforma Digital do Poder Judiciário (PDPJBr),a) integração ativa ao serviço de peticionamento intercorrente disponibilizado no Portal de Serviços Unificados do Poder Judiciário (15 pontos).,Não ,SETIC ,Josana Aymara Pereira Nishihira,Em Andamento,01/01/2026,31/07/2026,0,0,0%,252,,,,,,,
253,Dados e Tecnologia,25,"Art. 12, VI",Utilizar a integração com a Plataforma Digital do Poder Judiciário (PDPJBr),b) integração ativa ao serviço de remessas digitais (cartas precatórias e declínio de competência) disponibilizado no Portal de Serviços Unificados do Poder Judiciário (15 pontos).,Não ,SETIC ,Josana Aymara Pereira Nishihira,Em Andamento,01/01/2026,31/07/2026,0,0,0%,253,,,,,,,
254,Dados e Tecnologia,,"Art. 12, VII",Implantar a Plataforma Codex,"a) proporção de casos novos na plataforma Codex em relação ao DataJud, vice-versa:",Não ,SETIC ,Josana Aymara Pereira Nishihira,Em Andamento,01/01/2026,31/07/2026,0,0,0%,254,,,,,,,
255,Dados e Tecnologia,,"Art. 12, VII",Implantar a Plataforma Codex,"a.1) de 80,00% a 89,99% (5 pontos);",Não ,SETIC ,Josana Aymara Pereira Nishihira,Em Andamento,01/01/2026,31/07/2026,0,0,0%,255,,,,,,,
256,Dados e Tecnologia,,"Art. 12, VII",Implantar a Plataforma Codex,"a.2) de 90,00% a 97,99% (15 pontos);",Não ,SETIC ,Josana Aymara Pereira Nishihira,Em Andamento,01/01/2026,31/07/2026,0,0,0%,256,,,,,,,
257,Dados e Tecnologia,25,"Art. 12, VII",Implantar a Plataforma Codex,"a.3) a partir de 98,00% (25 pontos).",Não ,SETIC ,Josana Aymara Pereira Nishihira,Em Andamento,01/01/2026,31/07/2026,0,0,0%,257,,,,,,,
258,Dados e Tecnologia,,"Art. 12, VII",Implantar a Plataforma Codex,"b) proporção de casos baixados na plataforma Codex em relação ao DataJud, vice-versa:",Não ,SETIC ,Josana Aymara Pereira Nishihira,Em Andamento,01/01/2026,31/07/2026,0,0,0%,258,,,,,,,
259,Dados e Tecnologia,,"Art. 12, VII",Implantar a Plataforma Codex,"b.1) de 80,00% a 89,99% (5 pontos);",Não ,SETIC ,Josana Aymara Pereira Nishihira,Em Andamento,01/01/2026,31/07/2026,0,0,0%,259,,,,,,,
260,Dados e Tecnologia,,"Art. 12, VII",Implantar a Plataforma Codex,"b.2) de 90,00% a 97,99% (15 pontos);",Não ,SETIC ,Josana Aymara Pereira Nishihira,Em Andamento,01/01/2026,31/07/2026,0,0,0%,260,,,,,,,
261,Dados e Tecnologia,10,"Art. 12, VII",Implantar a Plataforma Codex,"b.3) a partir de 98,00% (25 pontos).",Não ,SETIC ,Josana Aymara Pereira Nishihira,Em Andamento,01/01/2026,31/07/2026,0,0,0%,261,,,,,,,
262,Dados e Tecnologia,10,"Art. 12, VII",Implantar a Plataforma Codex,"c) existência de registros de correlação, em proporção igual ou superior a 98,00%, entre os órgãos judiciais singulares e colegiados locais de primeira e segunda instância e aqueles cadastrados na tabela nacional de órgãos do sistema SCA Corporativo do CNJ, e que estejam cadastrados como unidades judiciárias no sistema MPM (tabela de–para) (10 pontos);",Não ,SETIC ,Josana Aymara Pereira Nishihira,Em Andamento,01/01/2026,31/07/2026,0,0,0%,262,,,,,,,
263,Dados e Tecnologia,10,"Art. 12, VII",Implantar a Plataforma Codex,"d) proporção mínima de 98,00% de processos eletrônicos carregados na plataforma Codex com classe processual válida e existente nas tabelas
processuais unificadas, conforme a Resolução CNJ
nº 46/2007 (10 pontos);",Não ,SETIC ,Josana Aymara Pereira Nishihira,Em Andamento,01/01/2026,31/07/2026,0,0,0%,263,,,,,,,
264,Dados e Tecnologia,35,"Art. 12, VII",Implantar a Plataforma Codex,"e) proporção mínima de 98,00% de processos eletrônicos carregados na plataforma Codex com assuntos processuais válidos e existentes nas TPUs, conforme a Resolução CNJ nº 46/2007 (10 pontos).",Não ,SETIC ,Josana Aymara Pereira Nishihira,Em Andamento,01/01/2026,31/07/2026,0,0,0%,264,,,,,,,
265,Dados e Tecnologia,,"Art. 12, VII",Implantar a Plataforma Codex,f) latência de transmissão de metadados e documentos processuais entre a persistência no sistema de processo judicial e a comunicação à plataforma Codex:,Não ,SETIC ,Josana Aymara Pereira Nishihira,Em Andamento,01/01/2026,31/07/2026,0,0,0%,265,,,,,,,
266,Dados e Tecnologia,,"Art. 12, VII",Implantar a Plataforma Codex,f.1) entre 1h e 6h (10 pontos);,Não ,SETIC ,Josana Aymara Pereira Nishihira,Em Andamento,01/01/2026,31/07/2026,0,0,0%,266,,,,,,,
267,Dados e Tecnologia,,"Art. 12, VII",Implantar a Plataforma Codex,f.2) entre 10 minutos e 59min59s (15 pontos);,Não ,SETIC ,Josana Aymara Pereira Nishihira,Em Andamento,01/01/2026,31/07/2026,0,0,0%,267,,,,,,,
268,Dados e Tecnologia,,"Art. 12, VII",Implantar a Plataforma Codex,f.3) entre 5 minutos e 9min59s (20 pontos);,Não ,SETIC ,Josana Aymara Pereira Nishihira,Em Andamento,01/01/2026,31/07/2026,0,0,0%,268,,,,,,,
269,Dados e Tecnologia,20,"Art. 12, VII",Implantar a Plataforma Codex,f.4) tempo menor que 5 minutos (35 pontos).,Não ,SETIC ,Josana Aymara Pereira Nishihira,Em Andamento,01/01/2026,31/07/2026,0,0,0%,269,,,,,,,
270,Dados e Tecnologia,,"Art. 12, VII",Implantar a Plataforma Codex,g) Taxa de sucesso da operação de download de arquivos binários no Codex:,Não ,SETIC ,Josana Aymara Pereira Nishihira,Em Andamento,01/01/2026,31/07/2026,0,0,0%,270,,,,,,,
271,Dados e Tecnologia,,"Art. 12, VII",Implantar a Plataforma Codex,g.1) entre 40% e 60% (5 pontos);,Não ,SETIC ,Josana Aymara Pereira Nishihira,Em Andamento,01/01/2026,31/07/2026,0,0,0%,271,,,,,,,
272,Dados e Tecnologia,,"Art. 12, VII",Implantar a Plataforma Codex,"g.2) entre 60,01% e 80% (10 pontos);",Não ,SETIC ,Josana Aymara Pereira Nishihira,Em Andamento,01/01/2026,31/07/2026,0,0,0%,272,,,,,,,
273,Dados e Tecnologia,,"Art. 12, VII",Implantar a Plataforma Codex,g.3) maior que 80% (20 pontos).,Não ,SETIC ,Josana Aymara Pereira Nishihira,Em Andamento,01/01/2026,31/07/2026,0,0,0%,273,,,,,,,
274,Dados e Tecnologia,30,"Art. 12, VIII",Implantar Pontos de Inclusão Digital (PID),"a) Nível 1: cada ponto de inclusão digital de nível 1 em efetivo funcionamento equivale a 5 pontos, limitado ao total de 10 pontos (10 pontos)",Não ,SETIC ,Josana Aymara Pereira Nishihira,Em Andamento,01/01/2026,31/07/2026,0,0,0%,274,,,,,,,
275,Dados e Tecnologia,20,"Art. 12, VIII",Implantar Pontos de Inclusão Digital (PID),"b) Nível 2 a 4: cada ponto de inclusão digital de nível 2 a 4 em efetivo funcionamento equivale a 10 pontos, limitado ao total de 30 pontos (30 pontos).",Não ,SETIC ,Josana Aymara Pereira Nishihira,Em Andamento,01/01/2026,31/07/2026,0,0,0%,275,,,,,,,
276,Dados e Tecnologia,,"Art. 12, IX",Plano Pena Justa: Redução da subnotificação da identificação civil e de dados sociais no BNMP.,a) Cadastramento do CPF (até 20 pontos):,Não ,SETIC ,Josana Aymara Pereira Nishihira,Em Andamento,01/01/2026,31/07/2026,0,0,0%,276,,,,,,,
277,Dados e Tecnologia,,"Art. 12, IX",Plano Pena Justa: Redução da subnotificação da identificação civil e de dados sociais no BNMP.,"a.1) Índice entre 80% e 89,99%: 10 pontos;",Não ,SETIC ,Josana Aymara Pereira Nishihira,Em Andamento,01/01/2026,31/07/2026,0,0,0%,277,,,,,,,
278,Dados e Tecnologia,,"Art. 12, IX",Plano Pena Justa: Redução da subnotificação da identificação civil e de dados sociais no BNMP.,a.2) Índice igual ou acima de 90%: 20 pontos.,Não ,SETIC ,Josana Aymara Pereira Nishihira,Em Andamento,01/01/2026,31/07/2026,0,0,0%,278,,,,,,,
279,Dados e Tecnologia,10,"Art. 12, IX",Plano Pena Justa: Redução da subnotificação da identificação civil e de dados sociais no BNMP.,b) Dados sociais (até 35 pontos):,Não ,SETIC ,Josana Aymara Pereira Nishihira,Em Andamento,01/01/2026,31/07/2026,0,0,0%,279,,,,,,,
280,Dados e Tecnologia,5,"Art. 12, IX",Plano Pena Justa: Redução da subnotificação da identificação civil e de dados sociais no BNMP.,b.1) Possuir 70% ou mais registros preenchidos do campo raça/cor da pessoa (10 pontos);,Não ,SETIC ,Josana Aymara Pereira Nishihira,Em Andamento,01/01/2026,31/07/2026,0,0,0%,280,,,,,,,
281,Dados e Tecnologia,5,"Art. 12, IX",Plano Pena Justa: Redução da subnotificação da identificação civil e de dados sociais no BNMP.,b.2) Possuir 70% ou mais registros preenchidos do campo identidade de gênero (5 pontos);,Não ,SETIC ,Josana Aymara Pereira Nishihira,Em Andamento,01/01/2026,31/07/2026,0,0,0%,281,,,,,,,
282,Dados e Tecnologia,5,"Art. 12, IX",Plano Pena Justa: Redução da subnotificação da identificação civil e de dados sociais no BNMP.,b.3) Possuir 70% ou mais registros preenchidos do campo orientação sexual (5 pontos);,Não ,SETIC ,Josana Aymara Pereira Nishihira,Em Andamento,01/01/2026,31/07/2026,0,0,0%,282,,,,,,,
283,Dados e Tecnologia,10,"Art. 12, IX",Plano Pena Justa: Redução da subnotificação da identificação civil e de dados sociais no BNMP.,b.4) Possuir 70% ou mais registros preenchidos do campo escolaridade (5 pontos);,Não ,SETIC ,Josana Aymara Pereira Nishihira,Em Andamento,01/01/2026,31/07/2026,0,0,0%,283,,,,,,,
284,Dados e Tecnologia,20,"Art. 12, IX",Plano Pena Justa: Redução da subnotificação da identificação civil e de dados sociais no BNMP.,b.5) Possuir 70% ou mais registros preenchidos do campo situação de moradia (10 pontos);,Não ,SETIC ,Josana Aymara Pereira Nishihira,Em Andamento,01/01/2026,31/07/2026,0,0,0%,284,,,,,,,
285,Dados e Tecnologia,,"Art. 12, X",Implantar o Domicílio Judicial Eletrônico.,a) proporção entre número de citações eletrônicas informadas no sistema e casos novos no DataJud:,Não ,SETIC ,Josana Aymara Pereira Nishihira,Em Andamento,01/01/2026,31/07/2026,0,0,0%,285,,,,,,,
286,Dados e Tecnologia,,"Art. 12, X",Implantar o Domicílio Judicial Eletrônico.,"a.1) de 5,00% a 20,00% de processos distribuídos em que pelo menos uma parte do polo passivo seja pessoa jurídica com cadastro obrigatório no Domicílio Judicial Eletrônico (5 pontos);",Não ,SETIC ,Josana Aymara Pereira Nishihira,Em Andamento,01/01/2026,31/07/2026,0,0,0%,286,,,,,,,
287,Dados e Tecnologia,,"Art. 12, X",Implantar o Domicílio Judicial Eletrônico.,"a.2) de 20,1% a 40,00% de processos distribuídos em que pelo menos uma parte do polo passivo seja pessoa jurídica com cadastro obrigatório no Domicílio Judicial Eletrônico (15 pontos);",Não ,SETIC ,Josana Aymara Pereira Nishihira,Em Andamento,01/01/2026,31/07/2026,0,0,0%,287,,,,,,,
288,Dados e Tecnologia,20,"Art. 12, X",Implantar o Domicílio Judicial Eletrônico.,"a.3) acima de 40,00% de processos distribuídos em que pelo menos uma parte do polo passivo seja pessoa jurídica com cadastro obrigatório no Domicílio Judicial Eletrônico (20 pontos).",Não ,SETIC ,Josana Aymara Pereira Nishihira,Em Andamento,01/01/2026,31/07/2026,0,0,0%,288,,,,,,,
289,Dados e Tecnologia,,"Art. 12, XI",Implantar o Diário de Justiça Eletrônico Nacional - DJEN,"a) proporção mensal entre número de intimações informadas no sistema e a quantidade de atos proferidos (decisões, despachos e sentenças) contabilizados pelo DataJud:",Não ,SETIC ,Josana Aymara Pereira Nishihira,Em Andamento,01/01/2026,31/07/2026,0,0,0%,289,,,,,,,
290,Dados e Tecnologia,,"Art. 12, XI",Implantar o Diário de Justiça Eletrônico Nacional - DJEN,"a.1) de 30,00% a 50,00% de atos proferidos (5 pontos);",Não ,SETIC ,Josana Aymara Pereira Nishihira,Em Andamento,01/01/2026,31/07/2026,0,0,0%,290,,,,,,,
291,Dados e Tecnologia,,"Art. 12, XI",Implantar o Diário de Justiça Eletrônico Nacional - DJEN,"a.2) de 50,01% a 70,00% de atos proferidos (15 pontos);",Não ,SETIC ,Josana Aymara Pereira Nishihira,Em Andamento,01/01/2026,31/07/2026,0,0,0%,291,,,,,,,
292,Dados e Tecnologia,,"Art. 12, XI",Implantar o Diário de Justiça Eletrônico Nacional - DJEN,"a.3) acima de 70,00% de atos proferidos (20 pontos).",Não ,SETIC ,Josana Aymara Pereira Nishihira,Em Andamento,01/01/2026,31/07/2026,0,0,0%,292,,,,,,,